Theta1,Theta2,d3,Theta4
2.442739,1.523923,0.5342146,0.06508827
0.33998442,0.07171029,0.31742173,0.22424138
1.9637034,0.59025735,0.0060858727,0.28520173
2.2374992,0.5614141,0.19757116,0.33356583
0.31286073,1.8429244,0.6964203,1.5109792
2.9208045,0.93575644,0.5606128,1.3144456
2.2420223,0.12846297,0.58639705,1.267423
0.31443465,2.0267515,0.733307,0.86438864
0.96382093,0.77167046,0.7298044,0.74836147
1.7365654,1.5560807,0.42474723,1.2550436
2.3111453,0.82999444,0.29029363,0.87338805
1.1929138,1.9433225,0.8022406,1.387923
0.4511389,0.29163063,0.17522895,1.2169801
3.0187008,0.5161792,0.5954663,0.40203917
0.06089586,1.5279691,0.57865906,0.0
0.69448817,0.08043426,0.42257667,0.05279529
2.5834725,1.8223224,0.6560994,0.42477667
0.84407413,0.8281513,0.34099972,1.3006812
2.4278708,1.6467496,0.7552893,1.3005879
1.5695615,0.14212382,0.2724921,1.1557822
1.665371,0.8306733,0.45829383,0.39207423
0.88946,1.6277285,0.3808605,0.46140993
2.9537697,1.604528,0.74245757,0.7543959
0.18843475,0.8097855,0.13101846,0.53814065
0.035254896,1.8740983,0.5781561,0.3433956
1.8582988,1.2801718,0.6380053,0.418828
2.0270932,0.21193933,0.0331856,0.46655828
1.9508746,0.12422985,0.28764644,0.14399183
2.5536377,0.14558446,0.40727273,0.9169514
0.31385705,0.44173154,0.510713,0.18620086
2.5705998,0.14140654,0.760533,1.0263612
2.324909,1.0530813,0.26646018,1.0357631
2.3824685,0.65395015,0.40849668,1.3113806
1.3830938,1.6764569,0.5298549,1.562892
0.9122139,0.634768,0.42207202,0.7504378
0.007667005,1.4125938,0.06844932,0.85508317
2.051535,1.2598073,0.63661766,0.24240535
0.14323205,0.25256598,0.7271985,0.83176976
0.95694065,0.7990781,0.62995464,0.37484282
0.67158866,1.5370919,0.78242475,0.4514107
1.1138284,1.2186859,0.5977042,0.63312256
2.048407,0.16656995,0.5136117,1.1174039
0.42136633,0.45009506,0.6886687,0.27304262
0.054044366,0.69652367,0.07834917,1.027019
0.29152074,0.4078174,0.61236715,1.4801719
1.4184047,1.6063712,0.2973045,0.886422
2.1084294,1.6594422,0.5827827,1.2214066
2.8794818,1.393101,0.0605703,0.26845646
1.0263953,1.2261323,0.24085337,1.2150161
0.653656,1.5226579,0.43759733,0.5604684
0.053411424,0.690035,0.009569943,0.8266132
2.94013,0.8732998,0.18786794,0.81543326
1.1319139,1.527086,0.366657,1.1673582
2.256743,1.6233819,0.33150482,0.3362658
2.5704331,0.96732616,0.039360523,0.0029146671
0.82483184,0.376551,0.10776794,0.328821
1.8722017,1.848176,0.49803674,0.7605328
0.56273377,1.8705113,0.19740146,1.0905224
0.24066266,0.52885216,0.31667322,0.7957726
0.71865916,0.50810677,0.6148151,1.2064193
1.4206227,0.89764994,0.7171599,0.2966268
0.21594918,1.2650222,0.6975062,1.2172253
1.219482,1.1633718,0.40034595,1.3196888
0.43881205,0.43535995,0.14464009,0.5832325
0.58351946,0.16495538,0.46651125,0.33342326
3.1315587,0.9571403,0.5591266,1.5105687
0.29217172,1.3842943,0.37698752,0.81945896
1.1232495,1.2657074,0.44736496,0.49844992
1.2421057,1.0204318,0.36507517,1.4674859
0.9772206,1.9119968,0.6629757,0.8934201
1.9288936,0.055493057,0.3409012,1.0559931
2.2278395,0.5998906,0.5244752,1.4185466
1.1987817,1.400181,0.72186345,1.411505
2.7484775,1.923329,0.024273455,0.2860309
1.0073905,1.1320583,0.16852409,0.38377225
2.792286,1.3556275,0.47645223,0.28716683
0.78369284,1.9449353,0.70868623,1.360642
2.197833,1.8999482,0.6084186,1.0005419
0.33962125,1.1696285,0.49997023,0.6695346
1.0094458,0.47132838,0.42987067,0.98854256
1.3405887,1.0401222,0.47067708,1.1856064
2.751216,2.0753393,0.46152416,0.74081856
2.924639,0.050105512,0.1696043,0.020782828
0.36855656,1.5686762,0.15133429,1.0828152
0.22276118,2.0648046,0.792336,0.62695813
1.4763321,1.0950468,0.78641593,0.22708356
3.0815659,0.27036095,0.48409536,1.1323266
1.5770383,0.9365557,0.7560377,0.2825265
0.43992388,0.080103815,0.4784266,0.8125675
1.3161495,1.9211495,0.78446674,0.9651449
1.7051713,1.1161509,0.38344938,0.4294033
1.4839059,1.5601587,0.27543414,0.45661765
2.3804333,1.2052534,0.58968955,1.3769588
0.98940843,0.9745823,0.44949108,1.0599282
1.7832961,1.4996015,0.33260024,0.5614185
2.5088496,0.62666196,0.5531672,0.63733965
2.7631154,1.8612609,0.7361233,0.44277596
2.8100293,0.50649774,0.13675338,0.29378188
0.85334265,0.64669037,0.74088323,0.23125684
0.09092158,1.7808704,0.5140271,1.2757857
2.9581423,0.8125076,0.36069044,1.5237461
2.4059944,0.13048178,0.027494729,0.028320432
2.410057,0.41405705,0.12092942,0.046289206
3.0373592,1.1858723,0.59055716,0.86426795
2.85261,0.3330505,0.736886,0.015928268
0.093790025,1.2503201,0.11945903,0.3166514
2.4272323,2.040722,0.055940032,0.7691795
1.3141639,1.0886543,0.68565536,1.4848799
2.448647,1.4655291,0.5415026,0.046919703
1.0181727,0.1561302,0.49690214,0.30633873
1.9689884,0.104856014,0.631784,0.80376345
2.4784377,1.4167473,0.78862363,0.8165448
2.1124685,0.26187098,0.7528005,0.037517905
0.28038585,0.20355034,0.70665413,0.24360144
2.0820892,0.13463378,0.18884504,0.3743888
0.7989738,0.78068733,0.3847716,1.016538
1.265428,0.6101083,0.32287973,1.3721884
2.228924,1.81043,0.21526012,1.4706986
2.7594233,0.4954695,0.15321028,1.4297944
1.6660981,0.3209492,0.34412652,0.24894565
2.6833844,0.57313716,0.6678227,0.609777
1.3558338,0.8593615,0.25122863,1.2662156
0.94289535,0.18118769,0.040473163,1.3216093
1.6857958,0.9221611,0.15432459,0.9261813
0.123096585,0.16108096,0.2721812,0.22394735
1.321208,1.5335665,0.38837922,0.42182195
0.04832068,0.54294205,0.74700874,1.3392676
1.1776869,1.6827356,0.78216296,0.863494
1.5210652,1.4025413,0.3232682,1.1785378
0.10439053,0.2279998,0.6780031,1.1385942
2.8547788,0.88836193,0.14611965,1.5209581
0.49895254,1.3443406,0.23014453,1.1688116
1.9228392,1.7222292,0.115641,1.5438571
0.9283069,0.6238375,0.4393568,0.60398364
2.7541094,1.1667576,0.09840846,1.0403979
2.3085434,1.1731055,0.6945382,0.3808325
0.03333649,0.84970564,0.46668208,0.8458903
1.0536232,0.5143198,0.6486932,0.22783256
1.8058054,0.44980186,0.5241469,0.03824413
0.35874045,0.90229887,0.4746855,0.6299115
0.2467317,1.0901922,0.09839463,0.9514266
2.2277386,0.40705854,0.6169295,0.37584347
0.4478469,0.37927714,0.60145295,0.872751
2.8714375,1.1320434,0.1294815,1.0945297
2.1688695,0.3243965,0.20552593,1.2883757
1.6815403,0.33313024,0.15715384,1.2554185
1.7536232,0.4519754,0.05695373,0.86821115
2.930121,1.926252,0.13850355,1.5203764
1.4820399,0.745724,0.42367697,1.0110321
1.9179916,1.6467574,0.7548381,0.64323515
1.4468853,1.4943551,0.34805202,1.027769
2.2124672,1.9638964,0.29268476,0.72579956
1.8849382,0.82511294,0.39438117,0.3057375
1.865515,1.709357,0.50259906,1.2159003
3.113666,1.1278422,0.42775074,1.1904075
0.28345585,0.27037525,0.3781287,0.66488564
0.685043,1.8591943,0.47866336,0.9247074
0.5295622,1.2782342,0.3724218,1.4898689
0.44312105,0.86746323,0.78723055,1.3182384
2.7900596,0.73024887,0.6503261,1.1566494
0.80559874,1.7569501,0.05936593,0.61684644
1.5200555,1.7636685,0.42967772,1.3508035
2.8827791,0.13579476,0.6605279,0.4113508
0.039975822,0.07507151,0.54036987,0.8100935
1.3000238,2.0100484,0.59458447,0.0749954
2.3077772,0.3394909,0.36951676,0.83103746
0.07063946,1.8130957,0.3505546,0.9907877
1.5078793,0.46292818,0.32422626,0.44319677
0.15424418,1.9386222,0.5777792,1.2599697
1.4954417,0.75409204,0.11260283,0.9512154
1.8925085,1.6717399,0.771145,1.4512322
0.9878654,1.7070427,0.68614125,1.3396571
0.6933467,1.0821265,0.4021591,1.0267985
1.2200869,1.9092451,0.12364578,1.4701614
0.83835983,0.47262564,0.04534489,0.18397081
1.8700304,1.5134014,0.6219002,0.040629983
2.6213622,0.9023037,0.5092886,1.2616283
0.55800676,0.06754911,0.38982183,1.0923206
2.2401054,1.3761187,0.23557204,1.4393537
0.31899095,0.74835354,0.5772971,0.5653997
0.24896157,1.6591759,0.528339,1.3209028
1.7201829,1.0364937,0.5024707,1.4607719
2.8362708,1.985186,0.11124551,1.2005885
2.8333044,0.3158257,0.16062593,1.2044822
2.0692952,1.3952932,0.6178647,0.14885187
2.104174,0.48182273,0.454398,0.44984204
0.59856457,1.0223714,0.062006474,0.15957773
0.3136686,0.0959661,0.45287505,0.8732194
2.2970214,0.3214373,0.0032787323,1.5424684
1.4836594,0.8499024,0.22209173,0.85903394
2.7005959,1.0081732,0.33446354,0.38186705
0.79064316,0.14244509,0.38563418,0.6052146
2.0782955,0.120067894,0.7192882,0.6958208
0.7621872,0.20512938,0.055844784,1.387129
1.5130093,0.44598478,0.047365427,1.5176053
0.14463422,2.0075912,0.12262595,0.80997777
1.0819595,1.399986,0.494614,1.3088567
0.4339624,1.6437256,0.014872551,1.4478225
2.7678483,1.7717338,0.62171954,0.029294848
0.71871626,1.9041097,0.45999065,1.0559033
1.1139958,2.0585732,0.09442091,0.31804627
1.9889109,1.4700739,0.6243534,0.40625298
2.0381532,0.21486068,0.21328637,1.1512766
1.7996738,1.1786388,0.014119148,0.5955021
1.1439931,0.081627846,0.061386943,1.5694563
0.8587712,1.1245189,0.24679735,0.5784877
2.5297275,1.8380698,0.5653357,0.7792306
2.0060568,1.8351467,0.69192827,0.9300456
0.06476593,0.49834597,0.29860184,0.8908246
1.7304854,1.9087144,0.24197176,0.9819727
2.496261,1.9291009,0.47431386,1.274378
2.2062714,0.07400805,0.684708,0.03999436
2.094086,1.0862967,0.6516579,0.4334197
2.7515492,1.0592983,0.119974256,0.03471577
1.4053082,1.7239591,0.36868113,0.13861597
1.1138854,2.0788312,0.7281528,1.5011446
1.650439,1.0580873,0.68345666,0.654171
1.8919313,0.5633815,0.45749235,1.3564594
1.0734642,1.7947819,0.020813227,0.46318692
2.9753926,1.0405303,0.01756978,1.3495642
1.1641903,1.3555533,0.69014066,0.45093584
0.830603,0.36246383,0.14006698,0.20404518
3.057742,0.83068526,0.36382103,1.0086392
2.5239162,0.37570232,0.36187676,0.80131865
0.18530661,2.0361013,0.011580288,1.1189818
1.5932109,1.2048153,0.4751753,1.1488802
0.28207555,1.5883207,0.5039584,0.7842482
1.6503134,2.0684657,0.179447,1.2242669
1.869725,0.44868803,0.6961167,0.3289572
1.5895708,0.48588467,0.14678186,0.33857054
2.5285435,1.0123613,0.51262426,1.2754174
0.12410921,0.16580296,0.68032575,1.4950686
2.2529697,0.92421746,0.64813995,1.417429
2.9538713,1.9097754,0.0108882785,0.48228085
2.4597378,2.0471087,0.49257827,1.5211183
2.362651,1.4137903,0.46256793,0.10582411
2.5430808,1.3188944,0.2973897,0.3093239
1.047935,1.9331495,0.20284545,0.2791937
1.2768514,1.4700938,0.22778842,1.4302957
2.8000355,0.007536888,0.4696389,0.19790637
2.454497,1.941064,0.27272245,0.35595125
0.5502534,0.42614824,0.0641765,0.47456694
1.0293486,0.09089255,0.11162919,0.2273022
1.3933172,1.8790622,0.23240986,0.35109043
1.0225115,2.0729136,0.64661354,0.88270414
1.5477433,0.5842883,0.33653215,0.94442755
2.387196,0.13809544,0.40948495,0.24591911
2.8326836,1.6881464,0.50663984,1.4748693
3.0321674,2.005805,0.15545893,0.63637125
2.5645113,1.0209682,0.02606523,1.4474692
1.2522237,1.3854148,0.79279214,0.657893
1.3795764,1.6067144,0.38460517,1.559978
0.15652528,0.61334383,0.30582005,0.7228649
1.887007,0.9281517,0.68615735,1.4476917
0.78586644,1.1912991,0.6112378,0.89757955
0.72121465,1.0663037,0.18784106,1.5426773
2.7193363,1.3395457,0.58801925,0.3384992
3.1338046,1.1831813,0.5148097,0.46578515
2.7218785,1.8220085,0.22629377,0.79899585
1.2459416,0.14901018,0.22033527,0.63358116
1.4649382,0.30169427,0.5515321,0.68636453
0.97458005,2.0404148,0.225355,1.466488
1.1409144,1.3386648,0.44157225,1.3770967
2.670898,2.0601277,0.12010765,1.1290545
2.542975,0.7265393,0.51600635,0.9456426
1.3675529,0.97136617,0.24334154,0.58582246
1.192818,1.3646849,0.7044935,0.7487107
0.12145463,0.8833542,0.16482061,0.14545977
1.1835272,0.2785111,0.64459336,0.15771854
1.1533351,1.0546857,0.58510303,0.32209432
2.5638547,0.26973975,0.18904728,0.08847916
1.2860456,1.701254,0.2452671,0.063871264
1.8034248,0.8130004,0.18527466,0.30550575
3.0365138,0.47455525,0.038209498,0.16407168
1.0124049,2.0460987,0.59201294,1.0052165
2.0233753,2.065564,0.5539761,1.2434053
0.52533734,1.7113584,0.6338471,0.7324234
0.086906046,0.57927287,0.32693422,0.91599876
2.1134796,0.9957184,0.5186593,0.97070026
1.1269019,1.4057801,0.7889419,0.98495555
2.9404573,0.08784509,0.43437698,1.135163
0.5007385,0.23334193,0.26469067,0.9068155
0.60978836,0.632493,0.01259017,1.4136003
2.9780383,1.3273801,0.23123789,0.7051083
0.84489036,0.6946898,0.21536022,1.1309671
1.1131768,1.0199518,0.4900947,1.3103039
2.5545645,0.40504742,0.55541086,0.94094276
2.2195642,1.0568424,0.0016066432,0.015441656
2.308915,0.2834022,0.22323236,0.57812774
1.9398065,0.99934983,0.68018645,0.8557736
1.2870152,1.7155058,0.05684662,0.59378815
1.6013598,0.16353387,0.31587878,0.030454874
0.6106171,2.0716968,0.69652575,0.79913336
0.89266396,0.21940166,0.3467591,0.4236833
0.19620848,0.5969913,0.107940555,1.1679384
1.3705833,0.9009095,0.5052983,1.467308
2.0913384,1.4804074,0.4154668,0.1988157
1.6640909,0.87581027,0.5200235,0.19316566
2.2168782,1.674278,0.007984221,0.42401946
0.06719768,1.1156712,0.118777394,1.1829942
0.11937344,1.7945054,0.0512954,1.3480074
1.6501992,0.08149451,0.73681045,0.18236566
1.8845856,0.28044355,0.5539727,0.3908021
1.2226307,1.4287047,0.66811824,0.48157853
1.9986055,0.5221744,0.7602757,0.8660737
2.8164985,1.502656,0.31863332,0.42166817
2.4252393,0.5806403,0.3939532,1.5397694
2.0345156,0.5470512,0.174012,0.67817533
1.602454,1.4961677,0.7374432,0.21346879
1.9190581,0.28333902,0.36073455,1.5176108
1.9613292,1.103444,0.43225974,0.69086856
0.31734926,0.08651459,0.31421468,0.8062688
1.8029227,0.15500152,0.6453832,0.751325
2.6232705,1.434826,0.44939646,0.42250615
0.9324542,0.58358634,0.32396504,1.2778555
1.4151127,1.7669041,0.06839985,1.423999
2.6788018,1.3529778,0.48693994,0.5662167
1.9111204,0.14886308,0.5138414,1.23252
2.6180665,0.1543104,0.20255268,0.5592738
3.0678105,0.99783045,0.50900114,1.4781907
0.14777702,0.9717665,0.26719385,1.4173136
1.8918927,1.8265128,0.283475,1.5171233
2.2664597,1.6255512,0.48257282,1.2035047
1.6685894,0.6761998,0.6476013,0.4151817
2.4505582,0.19511408,0.10002422,0.99452746
2.284269,0.4573047,0.6560215,0.6870022
1.3148408,1.6941962,0.59924436,0.22113657
2.245983,1.3341465,0.1631288,0.25026459
1.5414395,1.020825,0.3952192,0.13479757
2.741734,1.0267537,0.07418907,1.1080081
1.0848207,0.67705894,0.06597662,1.1336439
0.79748887,0.73226964,0.52282375,0.06628549
0.5413023,1.7271842,0.5042958,1.097122
0.12759268,0.42127365,0.12526745,1.2308803
1.6391246,1.2920455,0.38678253,1.1383219
1.0708499,1.3124418,0.20244557,0.58250916
1.8944211,0.052957296,0.46373942,0.18384385
2.982604,0.92217386,0.070690334,1.4435503
1.5191181,1.1912142,0.5602521,0.06851113
0.6929933,0.84598964,0.11690831,0.64194447
2.0973809,1.8582634,0.68922263,0.8203003
0.8428563,0.5661648,0.2162297,1.1168687
0.26240563,1.3461668,0.17985249,1.3444147
0.5907339,0.7282424,0.11130887,0.7108482
0.36803296,0.8742186,0.71156627,0.45036936
1.07271,1.8536513,0.18363094,0.6043748
0.6234164,1.9793588,0.6775584,1.1475121
0.0829902,0.7224437,0.21146324,1.317663
0.6733855,0.92169714,0.051771343,1.2181792
1.0320718,0.21051443,0.120678425,0.83185446
0.10761911,1.8097885,0.72620714,1.068053
1.4291098,0.99437684,0.36451018,1.0714558
0.1120165,1.5126066,0.52073205,0.88973796
0.28506917,1.5283176,0.5980157,0.008555174
1.5398018,0.17995447,0.70502555,0.5844566
2.4751809,1.1090804,0.24697393,1.2476289
1.3491626,2.0864673,0.5318402,1.1484143
1.2206435,2.0459137,0.6290336,1.321928
1.8408396,0.26614696,0.4230001,0.7373472
1.2814233,0.097290635,0.65181357,0.8008199
0.7447615,0.6684663,0.28117487,1.3798224
2.2978153,1.7779756,0.3476621,1.2084783
0.2889861,1.9005656,0.32877535,1.3362985
0.68004274,1.2996026,0.61867356,1.114974
0.76079047,0.9183234,0.7475725,1.5291817
1.0701139,1.4638495,0.7044067,1.0315635
1.205544,0.69127834,0.45231792,1.3916924
1.0293856,0.7135395,0.58175,0.22595876
0.85078067,0.11179012,0.17736459,1.4355932
0.23567817,1.3112589,0.100367546,0.06825721
1.5110946,0.3179,0.77130955,0.36901605
2.3382008,0.6164886,0.2855113,1.3175458
0.28921676,1.5784883,0.52765596,0.09045553
2.5844233,1.0319065,0.20217878,0.43299592
1.8389449,0.39726683,0.5781925,0.3587016
0.028155059,0.09741169,0.49127355,1.3362434
2.3850567,0.09391999,0.13707674,1.2798002
1.8358483,0.31308663,0.3243907,0.59305763
0.06841549,1.2473869,0.16512293,0.66201335
1.6111698,0.6221204,0.36038986,0.2616014
2.3577209,1.3353729,0.08180547,0.28449887
1.3356075,1.422846,0.73109806,0.93865705
1.0551605,0.9058318,0.006337881,0.07817018
1.4349287,1.2256923,0.38157135,0.64795953
0.113262,2.0318785,0.094632864,1.5470917
2.3207793,1.1099404,0.551837,0.8325769
2.5292437,0.4001688,0.49582377,1.2584002
0.1836657,1.8683062,0.51232255,1.1009938
0.4339279,0.6991162,0.1615625,0.9043641
1.3811909,1.0234385,0.34852606,0.13531196
1.269314,1.5812352,0.5550158,0.68767524
0.2492514,1.2461166,0.59004456,1.0107366
0.2624528,1.3452461,0.4118079,1.0797391
0.5451329,0.09228945,0.24131313,0.6480021
2.3646483,0.42157,0.6362742,0.99337745
0.17156893,1.9557643,0.16479862,0.45651168
0.6137466,1.6287673,0.05785197,1.2096481
1.447479,1.1635654,0.43860054,0.8142531
0.5043488,0.8267791,0.4989992,1.4069469
1.3540771,1.0514807,0.7872476,1.5256288
0.8507048,1.9790685,0.21481633,1.493403
0.91562444,0.10364199,0.005633235,0.4556889
2.285976,1.8643758,0.5991143,1.1880591
1.6807528,1.287386,0.51707214,1.0599945
1.4456806,0.2383498,0.3580099,1.2678444
1.1187305,1.738331,0.008612037,0.3670007
1.7288733,0.1536603,0.18896365,0.8287437
2.0920942,0.7863692,0.25714988,0.42374122
0.17460963,1.4109826,0.71901095,0.22786045
1.2393497,1.9749167,0.7599057,1.4784732
0.610515,0.13436502,0.506716,0.9484993
1.5691082,0.08793819,0.21451113,0.5307172
1.2257321,1.1253972,0.7661778,0.4322046
0.25757247,1.1482869,0.54027677,0.6430035
0.7737019,0.11065292,0.15445548,0.3031432
2.3267932,0.7117854,0.37575635,0.618641
0.46704602,1.0949901,0.27113146,0.8812225
2.3230212,0.681316,0.51283383,1.3748231
2.5388525,1.74559,0.37165624,1.1363335
1.0748923,0.9389089,0.104194105,0.4026276
1.5650041,0.96617514,0.1608147,1.1993004
2.8964465,1.2485965,0.7260966,1.230809
2.3749704,1.2506921,0.74914145,0.8446641
0.108453095,1.178345,0.73405004,0.03347099
0.56829584,1.154352,0.26456147,1.1243844
1.6755528,0.8282866,0.09803796,0.3214491
2.4626613,1.2316374,0.13216901,0.54625386
0.9311767,1.606921,0.34854567,0.6843194
0.23224282,0.65823483,0.5994955,1.2252121
2.745116,1.8406001,0.6016263,1.2095594
1.4165516,1.9359785,0.08282316,0.015419722
2.293886,1.6754063,0.04080981,1.4382995
2.779746,1.2378458,0.5477245,0.75644374
0.36895335,0.20142847,0.2581676,0.030784607
2.530828,2.0641913,0.6941974,0.7006571
1.3580168,1.652857,0.082705915,1.4135274
0.37755015,1.5019174,0.62595344,0.15014851
0.7256848,1.3988596,0.60972196,0.6126392
3.05242,0.13592523,0.12499285,1.5770531
3.0185332,1.2892828,0.17754388,0.5520049
1.0034008,0.8167202,0.6869724,0.92796135
2.5358682,1.8160794,0.18732488,0.1096195
1.8449547,2.0610194,0.02050203,1.4910907
1.575362,0.9937664,0.008841217,0.045603752
1.5861335,0.23784888,0.78833205,1.179181
1.3872197,0.18909192,0.30728954,1.0072094
0.27848253,0.73589945,0.08735001,0.30775034
0.4854605,1.3228755,0.23173359,1.0004596
1.7911379,0.91639256,0.29729992,1.1284648
0.42789015,0.44716454,0.25330442,1.4180427
0.023578763,0.3366754,0.54964316,1.2532785
0.87157637,1.7292156,0.6057937,0.56754917
1.2516606,1.9637392,0.15278935,0.24030113
3.1148014,0.37670213,0.3525641,0.5211238
1.8840854,0.33431315,0.3683706,0.47335738
0.6392385,0.5067292,0.10421407,1.189832
0.79198325,0.57371104,0.4196903,1.375365
3.058209,1.4719864,0.016573846,0.29873633
1.9379191,1.5060369,0.6980716,0.55219537
1.9405291,1.5327893,0.2131455,0.3089081
2.583079,0.16368252,0.76265913,0.5647889
0.037430704,1.302463,0.6649387,0.85630906
1.868634,0.5462967,0.36890745,1.2229115
0.9078937,0.0873003,0.07871741,1.3804543
2.54006,1.966688,0.39082655,0.7939675
0.033738315,0.47657183,0.20500124,1.1416278
0.51002103,1.488487,0.66157985,0.9072084
0.98958665,0.4506831,0.5186223,0.6276703
3.128004,0.9689184,0.3659371,1.4273853
2.3759391,1.2289946,0.11579144,0.47718066
2.143656,1.6254052,0.11489618,0.53094256
0.8882984,0.6155375,0.61456233,0.33865154
2.80969,1.9703408,0.45365784,0.3747517
2.5719714,1.6954067,0.43329936,0.95507103
3.0304396,1.3773406,0.18683028,0.8951639
2.1086028,0.68967676,0.25818336,0.7258313
1.6152809,0.6621946,0.0237239,1.5526302
0.12961823,1.3410752,0.27824184,1.1194293
0.53076786,1.4769571,0.7700552,0.35329753
1.2082717,1.9678737,0.24362445,0.12164879
0.861547,1.5643545,0.48000446,1.525178
1.1415713,0.30699414,0.32217455,0.3544516
1.3938711,0.10689932,0.6385565,1.111382
2.9237866,1.3119032,0.68412066,0.5956999
1.1015764,0.14551985,0.07799208,0.5126125
1.5678387,1.5562576,0.48314047,0.72454786
2.3327131,1.8842005,0.3364362,1.390243
2.4169843,0.29843253,0.560245,1.2549835
1.5681412,0.9053906,0.5549264,0.8477115
2.2306023,1.381188,0.38194543,0.9172441
1.6775031,1.6913254,0.39442465,0.7145997
0.6485484,1.2077968,0.67776394,0.1622572
2.1121635,1.8880675,0.5440903,0.669598
2.5100543,1.151696,0.7418008,0.737671
0.037831903,1.2105067,0.63370967,0.18858957
2.7407331,1.2033756,0.5364607,0.9048865
2.400563,0.48741728,0.6843584,1.1105173
1.3530025,0.96626574,0.40580127,1.3164926
1.4840198,1.3888812,0.110015035,0.9375232
1.2996781,0.12998796,0.2704738,0.16044784
0.015072465,1.0285714,0.68793464,1.2771828
3.0706182,0.65616494,0.6755421,0.33066785
0.1340859,1.4896364,0.33851004,0.6307162
0.13801825,1.3454404,0.26888794,1.2318585
0.5161383,1.5019467,0.4896243,1.4588993
3.0294816,0.08629811,0.46381548,1.5260209
2.7315276,1.2729373,0.19682032,1.3956414
0.87748146,0.7025763,0.42874166,0.60415864
0.058248907,1.8949218,0.5728598,0.4854086
2.327036,0.07378274,0.27898622,1.3412797
0.08916947,0.82327604,0.1344105,1.4375864
2.2268496,1.7548541,0.29496878,1.2543685
0.73875,0.081297874,0.2317872,1.1177309
2.3543358,1.4029498,0.7027412,0.13618624
0.4446035,0.45452476,0.13744253,1.1568335
1.315873,0.12680107,0.3645684,1.2101533
1.5853276,0.7531645,0.17156368,1.4384482
1.1257368,0.9713301,0.25621566,0.6840263
2.9031663,0.114073336,0.4452534,0.74454015
2.0423887,0.99082565,0.46710834,0.14491737
1.7024779,0.609155,0.13072062,0.15739334
1.9078438,1.3912363,0.23219931,1.0612574
2.1085365,0.37054935,0.5156178,1.1510023
0.49457747,0.8217241,0.41879272,0.43436068
0.1549536,1.5856673,0.35638902,0.3440404
2.9854221,0.8362933,0.3924413,0.057648063
2.7942762,1.8716675,0.14068627,0.7045524
1.4270754,0.61636996,0.7785586,0.40709895
0.40311784,1.841531,0.6627341,1.385911
3.0990148,0.10125011,0.72861665,0.67934394
2.9033668,1.2225866,0.12234342,1.1196388
0.85714775,1.9492189,0.40056142,0.3661633
1.6539056,0.5318114,0.0050286055,0.8040414
1.6410651,0.43215662,0.5520179,1.2828487
0.032236755,0.1336025,0.18888205,1.4257057
0.60100824,0.70514387,0.76015115,1.0609217
0.46923125,1.4198211,0.39263308,1.5239642
0.82777095,1.5481606,0.33375666,0.3735119
1.6486471,1.0134284,0.5868202,0.72117966
2.970815,0.54941785,0.29839453,1.4556589
1.9925959,1.042807,0.45583314,1.2873456
0.93854284,1.764806,0.1036489,0.48576933
2.46182,0.9908948,0.09229565,0.5406301
0.28334904,0.44438297,0.13607186,0.44166338
1.1477427,0.33858055,0.4198843,1.5186349
2.3607416,0.17438197,0.6046059,1.0640708
2.5693057,0.8762192,0.20594907,0.9437183
1.8094018,1.9740033,0.5436547,0.2770803
2.8606977,0.90058124,0.5678292,0.19480944
2.8462417,0.22174734,0.45832112,0.1881479
2.6672032,1.6070368,0.4182722,1.020244
1.7025805,0.43388164,0.233868,0.038229346
2.9406767,1.2980896,0.7610674,0.023556113
1.3211942,0.88665164,0.5786685,0.46939456
0.262595,0.038056135,0.4660651,1.50967
1.1366477,1.8006368,0.31173506,0.34955126
0.5469892,2.0167673,0.42299917,0.92741317
2.6166563,0.087077975,0.24359837,0.69244134
3.0935984,1.4261198,0.5092791,0.5723983
0.6075432,1.2861772,0.09306264,0.31054974
1.4688073,2.0528207,0.7948879,1.450546
2.6467724,1.0341315,0.40211138,0.20842612
2.5568578,1.6161295,0.20047176,0.37633705
1.7184994,0.16802692,0.59986424,1.155329
2.1252832,1.835725,0.4160526,1.4650463
1.1274908,1.8082713,0.42303526,1.0557576
2.6414633,1.7115333,0.25158384,1.0654142
2.7093077,0.48466724,0.4695945,1.2766564
0.5158515,1.1171285,0.7195356,1.1513445
0.1267333,1.5200855,0.14290607,1.2232134
1.7358289,0.5040631,0.3307775,1.386144
1.6437142,0.87945956,0.5185751,0.1147269
1.4486817,1.7740896,0.40032524,1.4694543
2.1566405,1.7722147,0.11387551,1.4622366
2.4962337,1.8537343,0.6343773,0.17051375
0.17262205,1.7443955,0.68348646,0.24786198
1.0077189,2.0762496,0.37345898,1.206356
2.9536946,1.1433644,0.123420954,0.30998266
1.513632,0.72478044,0.73354656,0.7704065
2.3199346,0.74206364,0.105742574,1.1967229
1.128165,1.8886898,0.6742624,1.1061305
2.9982374,1.4433677,0.75366604,0.41415262
1.6763182,1.9205377,0.6981046,1.5457791
1.5490494,1.880566,0.35958886,0.8606286
1.9943607,1.3209357,0.482244,1.3917825
1.7144759,1.9618219,0.14641833,1.4991212
1.158632,2.0268636,0.02577287,0.6561368
0.17199081,1.7063954,0.6161121,0.7271091
2.4615831,0.38677013,0.8042724,1.2944958
0.40625426,1.2996995,0.091527104,0.18058252
0.08992034,1.0639305,0.30817175,0.022442937
0.08442512,0.1398654,0.541946,0.9358057
3.055633,2.1009617,0.7341989,1.0486233
2.3193405,0.82416576,0.2820626,0.49734765
1.2373133,1.3846366,0.38508573,1.4774517
0.7836646,0.47520548,0.46904373,0.9770669
1.4134843,1.7416322,0.5901349,1.1986474
0.09123957,1.9776928,0.58213127,0.84784853
0.9217775,1.6669306,0.100583375,0.47416806
1.9426317,1.8924787,0.61056155,0.5551751
2.5557456,0.33222973,0.6546174,1.3204019
0.25598645,1.6937058,0.120820284,1.1601242
1.1027427,0.9921254,0.1636483,0.48331124
1.928482,2.0415568,0.13585699,0.47969216
0.62049377,0.8355776,0.23000413,0.6189229
1.402736,1.2749398,0.04811114,1.309756
0.89576817,1.8689795,0.7228513,0.72744894
1.8474758,0.86084044,0.3045833,1.3500063
0.1695363,1.1400777,0.54719937,0.6597514
0.58933884,0.66909534,0.33609676,0.64810634
0.7822335,0.42244443,0.24154624,1.4038588
0.014561355,1.1894702,0.11208928,0.62276495
1.5094631,1.9472591,0.034807682,0.8747276
1.1556284,1.0650148,0.16125792,0.5318092
2.1100616,1.7279825,0.5529536,0.051316857
2.9011407,1.7935736,0.67956877,0.036239386
2.3448637,1.9852008,0.49470246,0.8205966
1.0671927,1.0080093,0.63978565,0.30390108
1.3614728,0.29708338,0.3963558,1.1746922
1.1395798,0.9359528,0.07845402,0.90500003
3.0749302,1.5772756,0.11360979,1.3316281
2.3444383,0.047950864,0.12191391,0.5480119
2.9634418,1.8643373,0.53008246,0.045241475
0.053269982,1.9130282,0.28526396,0.040865064
2.5548525,1.7960217,0.13135749,1.488264
2.4246535,1.1983892,0.67870706,1.1136373
0.8346144,1.348216,0.027253628,0.48991156
1.0375886,2.0317724,0.2918028,0.14268577
1.468498,0.6647463,0.03807491,0.96593225
0.2856589,1.5161898,0.031787157,0.17041874
1.6897085,1.8526847,0.5033653,1.5456243
2.0046918,0.060593665,0.5148601,0.15357828
1.4756614,2.0304484,0.21438351,0.17450488
0.76250196,0.6179459,0.42114294,0.54615366
0.71377933,1.63753,0.15258217,1.3346987
2.073763,1.6955254,0.14585394,1.1023266
2.8865716,1.9579903,0.033161163,0.4599589
2.938383,1.4374146,0.4589732,0.12860847
1.2722173,0.12223399,0.7392369,1.1565747
0.90762067,2.0891047,0.69676065,0.4231254
0.87710774,0.44500965,0.63764375,0.37984902
0.12073326,1.8051965,0.50803024,0.94342023
1.2167785,1.6377459,0.12524575,1.1279678
1.2886589,0.3265518,0.6016108,0.5673995
1.2387366,1.6265851,0.51729894,0.73087907
0.68782973,0.9845515,0.6105136,1.0452456
2.2356975,1.8888793,0.1160028,0.5224327
2.1690617,1.2423491,0.6971567,0.40223324
1.4696691,2.02742,0.22579715,0.5692313
2.851718,1.0821489,0.4490311,1.463224
1.6575515,2.038992,0.33162674,1.2628317
1.5846729,0.3366117,0.25730944,0.7728259
0.7289072,1.0154703,0.64341694,0.0
3.108745,1.4623435,0.21840134,1.1235102
1.2633219,0.7018802,0.667379,0.0729928
1.3520298,1.084767,0.38070542,0.7181884
1.0177292,1.1037741,0.16306758,0.9406915
1.2163966,1.9982007,0.20229423,0.55763954
0.42734325,0.7104671,0.56993175,1.3809179
0.9348456,0.75638556,0.6193179,0.15510607
1.6333117,1.9070717,0.029927671,1.3462503
2.3675432,1.9963633,0.20743251,1.2480958
1.3800523,1.9152255,0.5559577,1.50497
0.023564398,0.9209698,0.77839303,0.946417
0.076328605,0.2570356,0.73357755,1.5036716
1.9878986,1.8610433,0.24823782,0.26491904
1.9742045,1.8831688,0.020546913,1.5061107
1.1415404,0.08491075,0.7707253,0.88768387
0.034799874,2.0793233,0.36393508,1.4254835
1.306834,1.5485581,0.39757127,0.69912714
1.7468462,1.8720555,0.1417399,1.0622916
1.4262248,0.8109064,0.7474616,0.20777285
1.9644604,1.5164702,0.10047811,1.0693884
0.69983065,1.9167312,0.4573996,0.9493081
1.4104595,1.3612051,0.28690815,0.2554049
1.7302423,1.927935,0.16952896,0.92756236
1.5180106,0.06772065,0.7230119,0.27227235
2.3632007,1.0746484,0.480376,1.2172899
1.2318399,1.5774748,0.60315245,0.99976236
1.2143949,1.4708002,0.78806883,1.1755716
2.3111267,0.33282137,0.70247084,0.085669875
0.865795,1.964944,0.67551553,0.11241889
2.6907592,0.3557068,0.10791141,0.5388822
2.5404968,0.90824956,0.6158213,0.50668573
1.0513424,1.5403328,0.00019186735,1.3718885
1.7155519,1.8198029,0.15457559,0.099959254
1.2004855,1.366888,0.10615575,0.31639993
0.49487975,1.2091782,0.116482854,0.063902974
2.7773685,0.030014634,0.12653667,0.13377798
0.3565723,1.4349066,0.4390958,0.95647776
1.6251123,1.5565844,0.545694,0.1885444
0.9496731,0.765473,0.6810681,1.1894197
2.0830522,0.12199116,0.364421,0.36086655
0.03462559,1.3541037,0.6883925,0.29896683
2.873751,1.0157068,0.24393523,0.2251159
2.2128751,0.068229795,0.2192964,0.47287
1.8175187,0.5125465,0.037577152,0.6037979
0.3760556,0.65627867,0.107536316,0.888052
1.6395864,0.6725031,0.32110298,0.6204933
2.0753462,0.54455245,0.7233688,1.455924
0.9645573,0.3532834,0.63274133,0.79133916
0.37001175,1.757268,0.6077784,1.0142659
2.8335066,1.0811292,0.1307131,0.040972114
0.6838765,0.3887444,0.41326874,0.15209639
0.515146,1.7864668,0.34383854,0.7154825
2.4094367,1.0778325,0.76433825,0.4951998
2.0784338,0.9622742,0.4984496,0.89325845
2.7790911,1.472204,0.5178917,0.5181021
0.15863669,1.6313567,0.21934658,0.8937204
2.698172,1.8479216,0.76734394,0.074875355
2.8550687,0.28814667,0.15876353,1.4417847
0.9252802,1.357385,0.5740922,0.17168331
2.5605679,1.5915897,0.38669312,0.08585465
2.4526634,0.6343539,0.2919016,1.2727435
2.5040936,0.48025778,0.6229941,0.16662812
1.5856795,2.0193248,0.54947555,0.85219216
0.15634966,1.3860507,0.5539675,0.12513101
2.1901848,1.1755929,0.45949626,0.69667196
3.1157367,0.81351846,0.29832876,1.3162417
1.0665951,0.46944124,0.27832294,0.706095
1.874749,1.0076976,0.5433829,0.12959456
1.2545619,0.8980298,0.5760249,0.30381775
0.04435864,0.16180146,0.4521877,1.1628433
2.9645636,1.3035262,0.72175235,0.33449572
1.4801025,1.1249715,0.5819056,0.78765917
0.40684333,0.12851453,0.3762729,0.022649527
0.21348518,2.0531478,0.19349235,1.2279427
1.9645202,1.282199,0.7256091,0.0728873
0.08658376,0.10453254,0.3409515,0.12132287
0.73493695,0.43252385,0.31751713,0.5109202
0.57041514,1.3024156,0.7241489,0.49567246
1.7978776,0.48907197,0.4375974,0.8919703
1.1538794,1.5645299,0.31179208,1.1297212
2.3443716,1.2408078,0.20078164,0.81191516
2.5341568,0.07760739,0.6805344,1.4114019
1.6204431,1.1835186,0.48918563,1.0678388
0.83897275,0.5174918,0.6510686,1.4578624
2.1550548,0.7656371,0.6332138,1.142688
1.4357914,1.3124645,0.22893506,0.4526704
1.3061941,0.11837864,0.68228567,1.21729
2.8346102,1.5110487,0.23990467,0.28178322
2.1484206,0.9133087,0.45179218,0.7884904
0.30844313,1.0314336,0.5505849,1.5092671
3.0182076,1.7600754,0.68400633,1.1136212
0.26052058,0.16167599,0.76358634,1.1332518
1.2150624,1.644275,0.12628728,0.63766813
2.1382353,1.3571,0.075639725,0.9878088
2.798307,0.76311916,0.27852523,1.2835724
1.9702511,1.9641511,0.26928324,1.0212132
1.6923752,0.13548046,0.7167885,0.73050976
0.81798893,0.73230773,0.12596548,1.0813966
2.1190355,1.7744447,0.30887148,0.49102873
1.6910136,0.078175485,0.5452686,0.6529216
2.525619,0.75453675,0.50965995,0.44581884
1.7850201,0.97616744,0.5381311,1.3996891
2.2530859,1.6931326,0.27954116,1.0962788
1.2680962,1.296005,0.06635165,1.3126922
2.5217905,0.07049459,0.7573692,0.3736987
2.4721098,0.4203173,0.43811688,0.8984018
0.45962334,1.7674932,0.32815117,0.03175509
2.747653,0.14160198,0.7315894,0.3097887
1.1550467,1.5474385,0.771322,0.9165195
2.8878517,0.9493929,0.6420407,0.8305989
2.8462348,1.6561183,0.3549555,0.15373921
2.3152165,0.10664308,0.0501405,1.1221423
0.48133445,1.9488567,0.5795026,1.145939
1.9149392,0.24728155,0.59054106,0.13612664
2.8790226,1.6880038,0.15776587,1.5528402
3.0197406,1.057121,0.3879078,0.94831675
2.0813313,1.2418251,0.5129506,1.3203652
0.219589,0.6803812,0.7931514,0.81229067
1.2134163,1.9217532,0.20747638,0.96492
2.140978,1.070049,0.40109268,0.20872009
2.0068967,1.0050856,0.07076758,0.054453135
2.6201913,0.41898987,0.33650905,1.3730026
1.1143596,1.040099,0.1028496,0.6013203
0.9785115,1.5682436,0.13321549,1.1557915
2.306215,1.1242889,0.48432446,0.56408584
1.5033939,1.9253578,0.26731688,0.02541256
2.9209478,2.0575304,0.09513724,1.2084032
2.572141,0.2446441,0.55074704,0.71094024
0.8780092,1.5764495,0.47418898,1.0577394
0.5897645,0.31470203,0.33329886,1.0006884
2.3729625,0.084035635,0.6721686,0.9991703
0.17625797,0.45136082,0.07110155,0.17527676
2.3235457,1.6617591,0.27925816,0.760294
3.0570083,1.2915356,0.10331577,0.93990034
2.0943096,1.3711473,0.57955813,1.4985554
1.8344979,0.826255,0.20838097,0.048345447
0.8097803,1.2903478,0.6855968,0.4277299
0.9762083,0.85438025,0.58993715,0.87122905
2.7022178,0.53771067,0.12464923,0.07140219
1.9708254,0.9227249,0.053462625,1.4082096
1.0652716,1.4601388,0.2893312,1.4023365
2.2011595,0.25597662,0.12159687,0.6812924
1.6720557,0.52122205,0.23760834,0.26191515
0.50452846,0.9642529,0.27582818,0.033635974
0.7393609,1.9314148,0.6149428,0.75925326
2.934722,1.861768,0.41606355,1.0882748
1.5558815,1.1763471,0.034902215,0.77180487
2.097347,0.63376254,0.36747873,1.4744127
0.9745375,0.2568686,0.36142796,0.08371878
0.3630708,2.042303,0.52498496,0.09772837
0.4712403,1.8330882,0.0,0.02639997
2.8882303,1.0457511,0.09084284,1.0408609
2.9411755,1.6806147,0.60742176,0.6911271
2.302002,1.9641839,0.59315026,1.0681535
1.5587068,0.14754385,0.6761738,0.95021886
0.1230495,0.21855837,0.6860726,0.4313596
2.3476717,1.1364133,0.14727592,0.3531059
3.1300642,1.7586129,0.57792133,0.05968058
2.9518259,0.10763848,0.4383107,0.72470176
2.2954926,1.5622183,0.27976593,1.0886035
0.07241279,2.0517282,0.02081281,0.2688228
0.4126251,0.27869105,0.34066772,0.30823064
1.4899175,1.6343944,0.54197276,0.08416009
2.366967,0.9109584,0.72746867,1.1594398
1.094022,0.16027963,0.1116457,1.2771741
1.970305,1.7349718,0.2306366,1.1603577
2.603679,0.4862056,0.14784867,1.5297396
2.1642148,1.5407183,0.22579429,0.5074976
0.52821857,1.3421434,0.37269104,0.10013533
1.5485573,0.614156,0.7267016,0.07582486
2.5101213,1.3597239,0.30690214,0.74669284
0.0014075637,0.4795816,0.05071163,0.44103926
2.7769485,1.004909,0.6785397,0.17542136
0.4359374,1.1706381,0.6544358,1.1802351
1.6715887,1.0368317,0.5960378,0.27812588
1.9460964,1.2869751,0.29828063,1.5197247
1.1507909,0.46588475,0.46089318,1.4385918
0.8622218,0.083889246,0.5262886,1.0974774
1.5373843,0.28846008,0.241505,0.8390393
0.7302867,1.7405155,0.5788733,1.3685391
2.902316,1.7813249,0.02651608,1.3359392
0.29800877,1.4760239,0.63850224,1.319252
0.35112438,1.145042,0.00912112,0.82511747
3.1310186,0.86794984,0.13984191,0.16655111
2.6416626,0.6494342,0.728951,0.4034307
0.26410815,1.1692002,0.6175448,1.569965
0.17103872,0.3660795,0.2297987,1.3717387
2.9887228,1.9627049,0.147129,0.9058047
1.865653,0.93754953,0.79203385,0.08048999
2.279078,0.5815667,0.37790173,0.9460671
1.2648852,0.22607017,0.52449656,1.3947737
2.8725207,0.6952697,0.1912489,1.4277115
0.83426327,0.2943102,0.6156244,0.89524406
1.1362948,1.7424288,0.2915238,1.36255
1.2124848,2.0605733,0.4416289,1.0225035
0.075109124,1.2039887,0.30307025,0.9677968
0.5995621,1.0621946,0.3477497,1.5647422
0.053846538,2.0875268,0.4293025,1.253506
2.417895,1.1571901,0.42535892,0.13528109
2.167234,1.1139028,0.5285296,0.12760794
0.32906356,0.08269018,0.37097868,1.247754
2.609728,0.79307395,0.5414677,0.05296123
1.223388,0.97460693,0.054754853,0.22276664
2.0626245,0.672949,0.16074467,1.4658825
1.2598381,1.091256,0.72805154,1.4062219
2.1561065,1.7489574,0.63368344,1.4656227
1.6903117,0.33506554,0.37128806,1.1319556
0.567791,0.9230065,0.008283913,0.5997322
0.10224813,0.67668724,0.4423184,0.6255945
0.079705775,0.3457827,0.055149555,0.74378216
2.3679473,1.5158709,0.75540346,1.1102519
2.5353656,0.16130322,0.26014265,0.3429469
3.0574524,1.3176857,0.1708014,0.72299266
2.0978668,0.5299778,0.66199994,0.9653688
2.1970088,0.64641315,0.010899842,1.4669555
2.5706134,0.32341707,0.6028701,1.0365951
1.2139227,0.42525157,0.12564868,1.3884444
2.3307824,0.55583966,0.7287109,0.62264335
2.762346,1.2598066,0.56302047,1.5043647
3.0069416,0.90131176,0.08719981,0.6166156
2.870637,0.07475358,0.6178564,0.47161436
1.7446761,0.84302676,0.6730147,0.30821002
2.523721,0.17699218,0.21164277,0.6612192
2.0446367,1.7817777,0.37995067,0.23364323
1.26808,1.9773892,0.4567091,0.6387028
1.1865814,1.1316919,0.70647943,0.56338096
0.80524004,1.6537817,0.29338074,1.3671589
2.9415636,0.6513727,0.7594662,1.4067624
1.7291648,0.30485284,0.42984533,0.95205426
2.7896206,0.39614803,0.78884697,1.2751812
2.0173438,2.0410266,0.6323859,0.80480075
2.4701748,1.5631068,0.16301674,1.1703914
0.6132831,1.9546152,0.32407764,1.0314343
0.4513324,0.79267055,0.56103045,0.44536197
2.4646177,1.3483144,0.68181723,0.9786794
1.6990721,1.8620055,0.15976179,0.4923753
0.7978156,0.5639057,0.68475133,1.5557386
0.6295763,1.2934895,0.39468384,0.6787859
0.9319786,0.24262631,0.068440616,0.88728535
1.8724277,1.908551,0.4184984,0.49545604
1.6066673,0.80985904,0.580964,0.9825574
0.6685883,1.4082566,0.053285718,0.55006915
2.9454966,1.6722122,0.625524,0.3210776
0.317591,1.8333575,0.5330018,1.2952459
0.929731,1.2903442,0.20633513,1.5325025
1.7983737,1.4410747,0.052496433,1.2841753
2.5072076,0.109532595,0.6538371,0.27113307
0.29942116,1.6369469,0.40515023,0.540741
1.4939401,1.0086064,0.30693743,0.5269258
2.8826044,0.71347916,0.48166066,0.7647295
2.6930928,0.87465185,0.6536328,0.9593829
0.036535412,0.14320457,0.1539622,0.6034379
2.6235454,0.34950387,0.19453251,0.86939
2.359974,1.9063022,0.09901565,0.23007381
2.1636631,0.08678979,0.1587187,0.37467098
1.7548497,1.2122188,0.6086584,0.32966566
2.9627166,0.8421565,0.31039116,0.9098673
1.7571759,0.10463357,0.32482424,0.22001654
2.6778517,0.28980887,0.58020055,0.70453995
2.3995128,1.50107,0.4803151,0.4197479
3.0602689,1.0808852,0.53367496,1.1544517
2.52227,0.039990783,0.45631766,0.4451207
2.8036547,0.09533268,0.12206924,0.92697924
1.1125777,2.0622835,0.5016192,0.38282275
1.7317863,0.80687904,0.07951647,0.72934914
0.77633625,0.3246342,0.14567107,1.3813899
3.019316,2.0788703,0.05085033,0.4420184
3.0589595,1.0985234,0.04387182,0.5108423
1.9369423,1.1348554,0.18952924,1.2332281
1.5409024,0.8853782,0.21138835,1.0836861
0.31099597,1.8410275,0.58967584,0.52937317
2.5514462,0.3821302,0.13040358,0.4980843
1.3118339,0.20100701,0.22903404,0.9584714
0.61310124,0.12985533,0.5985616,0.34783316
1.6488907,1.9338456,0.16238177,0.61646783
1.2748466,0.34767663,0.04409337,0.7572533
3.047183,2.0596366,0.065271854,1.3351717
1.9067683,1.8324883,0.5940096,0.2583192
0.33423075,1.4452028,0.71989703,0.8306527
3.0366983,0.7281749,0.29004744,0.44730133
0.5214504,1.5590231,0.4256118,0.36246473
1.4877279,0.60145783,0.41190267,1.1909657
0.049222678,0.10517132,0.757902,0.8729911
1.6332057,1.9367772,0.404691,1.4820963
0.50278395,1.5609031,0.4506575,0.1030215
0.91632605,0.35464805,0.29283583,1.4798769
1.3442616,1.5779116,0.1502763,0.26646614
2.4489458,1.4832412,0.29839504,1.2133434
0.57655424,0.20542139,0.46341777,0.44697493
1.1955929,0.22049505,0.668118,0.077801466
0.9195696,1.8594956,0.5285737,0.6320524
2.39474,1.8433362,0.23036036,1.090405
0.49224323,0.54682124,0.76140666,0.61223733
0.018215477,1.526885,0.60326695,1.399593
2.80972,1.6236742,0.46114486,0.85538423
2.1695342,0.86343,0.23364684,0.70637214
1.3946644,0.39751476,0.25575972,0.18702173
1.3955975,0.46617362,0.42920026,1.4577289
1.1907501,1.5966091,0.04666072,0.22883546
1.7241533,1.914201,0.31006783,1.2127495
2.038394,1.7235906,0.010920584,0.31312388
2.5803266,1.515188,0.6037839,1.0194309
2.0822768,1.828462,0.27965772,0.5912963
2.8316247,0.17790943,0.43031105,1.4409511
2.8844132,2.0545197,0.59600264,1.1437855
2.6381693,0.299011,0.3814235,0.117626905
2.0482163,1.9089681,0.34030956,0.9171324
1.2847037,0.42318678,0.011945844,0.098131776
1.3115289,1.6654963,0.5851051,0.45044798
0.9024886,1.6069312,0.027365327,0.8423251
1.9787385,0.0927434,0.40659055,0.33732504
2.8254507,0.13922179,0.25875938,1.4079453
2.3037312,0.9083969,0.14275795,0.17571878
2.9058008,0.18396473,0.6610695,0.9480593
2.4948893,1.7232811,0.20022619,1.0245032
2.9654152,1.468842,0.50692797,1.4938285
0.0063667893,1.4592314,0.37516832,0.88563144
1.876116,1.4862214,0.80100554,0.24475276
0.3492977,0.26495564,0.30421925,0.07218695
0.69514585,0.088857055,0.73794717,0.77629477
1.0603061,0.75888115,0.46154708,1.5356438
0.50139046,0.2159999,0.03944856,0.0
1.3571445,0.38926876,0.73376083,0.2081902
1.4531622,0.7283671,0.18560266,1.1704675
1.00213,0.38754705,0.44648546,0.29710102
0.98780864,2.0665398,0.028161168,1.1145653
2.4154515,0.44475156,0.7825475,1.3691847
2.253027,0.09458375,0.38232088,1.3657811
0.5135103,0.6970334,0.7922037,1.0954392
3.0082617,0.13040107,0.7082938,1.4181305
0.3557703,0.644031,0.5643083,0.5202568
1.6545858,1.5866296,0.017286062,0.011278987
1.5047528,1.4786729,0.5860289,0.2554103
0.4333275,0.95118445,0.038479388,0.1586703
2.0792317,1.1923282,0.51311845,0.34216994
1.3455646,0.31580758,0.5561267,0.74320865
0.24586114,1.8495171,0.46401042,0.09419811
2.779439,1.7215796,0.57424736,0.03604114
0.97488946,1.860419,0.25140363,0.32258487
0.51218027,1.7689239,0.011291921,1.3212457
2.7522159,0.52576387,0.6373123,0.042860508
1.7386489,0.6737758,0.45625132,0.49769378
1.6734054,0.7505219,0.53574145,0.82721305
0.8024143,0.44512606,0.3923309,0.9325564
2.751228,0.9085995,0.034941792,0.047378063
2.9116173,0.93824273,0.6785515,1.4297261
3.1309264,0.18547648,0.78313535,0.46464908
0.6470064,1.0252385,0.2990868,0.29120797
2.2076738,1.9365034,0.4757675,0.8429393
1.4077997,0.53953874,0.050010502,1.3089575
0.2727691,1.341436,0.086485565,0.8911826
2.3988457,0.0797708,0.33986142,1.3543243
2.526656,0.26614517,0.35391256,0.7053476
0.776325,0.68256253,0.3577682,1.4720774
2.1846929,0.21325493,0.28723735,1.1910949
0.26183665,1.4495372,0.7384104,0.62943983
1.960599,0.07725972,0.65648633,0.9545142
1.1506562,1.1128078,0.7509399,0.54059774
2.3968709,1.8534313,0.0987519,0.8785112
2.9592857,0.7388971,0.017855704,0.7896942
0.14967233,1.0998471,0.45859632,1.0470887
2.351869,1.8266369,0.45359668,1.1696767
0.35010034,0.11785114,0.56250226,0.74379086
0.70901173,0.73602724,0.11733687,0.48051745
2.4824502,0.000947237,0.2172513,0.4717198
3.023152,1.5468252,0.76595426,1.3078758
0.09855166,2.036008,0.30236155,0.35893846
0.59375966,0.12803221,0.5450466,0.3415463
2.4281344,1.3585052,0.5890103,0.9548751
1.1898205,0.10537851,0.1791045,0.21945602
2.2502525,2.0230818,0.19674224,1.4259071
0.77893335,1.1307063,0.048480988,0.41761124
0.6788688,0.12847829,0.782573,0.37596446
0.9979817,0.20018232,0.2893752,0.09042668
0.069416285,1.3043767,0.6507002,0.02039516
0.44023275,2.0443702,0.71940506,0.9100427
0.74403894,1.6112199,0.7629259,1.1114362
0.41593906,0.1079011,0.026170611,0.7024948
1.3481967,1.6650544,0.52650213,0.32087386
0.11907041,1.4504294,0.10612589,0.6382551
2.4071958,0.1784532,0.5145586,0.1235584
1.6223536,1.5415263,0.011704445,1.3035827
1.5207288,1.2149181,0.24729908,1.1872874
1.0942752,1.9617547,0.06599486,0.77655035
1.4958963,1.7181592,0.11424804,1.547862
2.473738,1.2699208,0.71065366,0.03982532
2.5560474,1.2016757,0.33179265,0.27345276
0.8424164,0.40750027,0.3975217,0.89057016
2.9290574,1.9468288,0.6506659,1.0078566
1.9732676,0.08478606,0.5998059,1.475877
0.2154088,1.9851724,0.5842737,0.7775117
0.6078542,1.8714492,0.39347225,0.022776842
1.406065,1.9560643,0.070287585,1.3869988
2.674549,1.3699027,0.052310884,0.6675805
0.99963474,0.48239827,0.77009463,0.6972802
1.1471262,1.4155941,0.13305855,1.2622551
1.0744762,1.344281,0.19372225,0.0
0.46548325,1.6630943,0.2104469,0.9576308
1.8191812,0.7008188,0.6780954,0.5715674
1.9003944,1.4278078,0.44345844,0.45046926
2.7448168,0.67847925,0.5190481,1.4511027
1.3852539,0.36562824,0.41076308,1.4563121
1.5037503,0.8449641,0.4389246,1.260324
1.1979545,1.3829837,0.48498958,0.19206822
0.3801895,1.3451436,0.29060215,0.92117476
0.47924298,0.78164357,0.115640104,0.20119679
3.070592,1.1340594,0.02168727,0.38048363
2.885197,0.8018157,0.13288492,0.6681088
1.1599556,1.0553868,0.6551809,1.3641468
1.8458934,0.68335164,0.42216203,0.65470815
2.153623,0.20727074,0.43056473,0.20319223
0.042799175,1.9558452,0.2736717,1.2320697
0.6703761,1.7262244,0.34914058,0.28608173
1.2094092,0.121501505,0.06713259,0.2904415
1.1297977,0.102158904,0.15405345,1.0551364
0.30584008,1.3588693,0.004550934,1.0707399
0.083792984,0.9680396,0.57797277,0.5336292
1.3460612,1.0833602,0.48194087,1.2431259
1.1748011,0.1074121,0.4271134,0.41846943
1.7817454,0.5647222,0.5493323,1.5417807
2.9304476,1.9661335,0.103494406,0.3444276
3.0053158,1.7322155,0.16720843,1.3395188
2.0162003,1.8467016,0.30637002,0.40757322
1.6572497,1.5057952,0.12969184,1.0826812
1.9344382,0.73049235,0.61680245,0.61406755
1.7670834,0.11196947,0.39723536,0.0
0.44877154,2.0966194,0.062499642,0.40280867
2.9986162,0.12109482,0.2386486,1.061023
2.2814763,1.386241,0.41946274,1.3978199
0.25583476,2.0869484,0.08331543,0.5586072
2.7813685,0.11217332,0.7266692,0.9933696
0.7057347,0.1616373,0.15459728,0.8418083
0.6122486,1.5535762,0.21252224,0.77736807
0.48488194,0.24747169,0.7522706,0.5394619
2.4369256,0.41506308,0.22937948,0.52331305
0.53063786,0.50824934,0.55987173,0.0
2.057573,0.7755295,0.303158,1.5271862
2.2353637,1.4486859,0.20062625,0.8473239
1.8021073,1.8748485,0.17668307,0.22374314
0.8464807,0.996734,0.7345707,1.401144
2.8413336,0.08215362,0.22178769,0.77294517
0.12046474,1.1533298,0.6190649,0.3842336
0.5215023,0.58312726,0.268314,1.5328792
3.024193,0.29468465,0.19377339,0.2684517
0.4710701,2.034143,0.2510337,1.4950202
0.8306753,1.6987704,0.42740664,1.2753335
1.0825913,0.11819339,0.49475724,0.453403
1.8617628,1.3056638,0.052598596,0.16789222
2.7279205,0.7697016,0.5268357,0.8935982
0.055841804,2.051118,0.014937341,1.3322486
1.7521989,0.5686868,0.6359668,0.25842625
2.8348799,2.0819736,0.42677453,0.18904638
0.48982146,0.43294662,0.49964613,1.2394046
0.24852455,1.2879769,0.53691334,0.9411845
0.15042955,0.08956623,0.4366436,0.3766474
0.3450036,2.025498,0.086592555,0.72027314
0.13215706,0.44365042,0.628055,1.4941584
0.63165593,0.12113595,0.33403605,1.5224068
0.21714973,1.5587214,0.229045,0.32930148
0.38406208,1.5019667,0.26810083,0.39678383
3.0860188,0.1040144,0.3081467,0.88083017
2.7879972,0.09851843,0.4305528,0.86699855
1.9407403,0.3523379,0.13668597,0.7643097
0.23711675,1.7852993,0.24756601,0.55846107
2.041814,0.7777433,0.7803485,0.039769053
1.6411698,0.8612585,0.2654704,1.4739287
0.059667647,0.29530168,0.10974735,0.6150572
1.1019397,0.4464991,0.74176925,0.6755122
1.878392,1.4272745,0.3924265,1.2701094
0.6681292,0.4821185,0.4294932,0.3106953
1.5883319,0.35735232,0.17927998,0.7228222
0.9494471,0.07880539,0.41143256,0.78106225
0.3877629,0.80023545,0.22507423,0.39912373
1.1750872,0.41566014,0.38355592,0.30810028
1.0576969,1.5811944,0.10211182,1.2289547
1.7217352,2.0725846,0.51735353,1.094905
1.3057739,0.09261012,0.18000728,0.18387258
2.06841,1.053586,0.63413614,0.5988332
2.6623194,0.6324585,0.5588623,0.68922186
0.13586473,0.42376822,0.67908823,0.9972104
0.51016045,1.685982,0.011304796,0.7590102
0.92617965,0.7106465,0.31315073,1.506418
1.6108458,0.49251905,0.5528797,0.76858866
0.43952024,0.9690405,0.15947556,1.444458
0.9823308,1.6805015,0.3625607,0.5890606
0.9364968,0.28267086,0.5340416,0.39944333
1.7172382,0.57721615,0.4598086,0.07465494
0.24031803,1.2705601,0.32797056,0.7905165
0.5997509,1.2196884,0.4315883,0.1307038
2.290166,0.35156178,0.11079109,1.5472848
2.1804342,1.7110705,0.72340137,0.6314933
0.40296912,1.252952,0.38650063,1.4916213
1.8439846,1.8954093,0.14395928,0.32380056
1.5280645,0.63610375,0.040172696,1.3178447
2.9350874,1.0187857,0.19720656,1.0040116
0.07110366,0.18891966,0.23116556,0.7642042
0.55825335,1.2906206,0.2692008,0.9259678
2.6051269,1.9055126,0.54170775,0.7214223
2.6480868,0.5150182,0.0060356855,1.321777
2.9540184,2.080882,0.48436537,0.9369377
1.2698178,0.106553555,0.046555758,1.5655123
2.0953784,0.51463294,0.2959003,1.2857516
1.9952738,2.069518,0.43996474,1.0918043
1.7110629,0.64435154,0.1029017,1.262811
3.0777342,0.284343,0.68472266,0.5490607
2.3777275,1.7399833,0.7490834,0.5998693
0.88323325,1.0211507,0.2230525,1.024819
0.7713382,1.5688705,0.75959563,0.63424915
0.30067408,0.21321428,0.21863306,0.2193628
1.9788473,0.39588454,0.27121216,0.37614352
1.5266099,0.8460798,0.009258807,0.46179134
1.0499527,0.426771,0.68539727,0.695001
1.2409666,1.8516581,0.2521449,0.02896583
1.9367206,1.3940527,0.116030216,1.5396191
1.0829468,0.13406199,0.47421792,1.166601
0.10767689,0.21439981,0.39379594,1.1576414
2.2629237,0.103298545,0.1067934,0.65453804
0.4823286,1.264858,0.621488,1.0037899
1.7057407,1.2390608,0.3267423,0.9606472
0.4542343,0.47126386,0.5186787,0.80939525
2.6158934,1.9776093,0.25805813,0.86087537
2.4936254,1.2791337,0.65416247,1.077885
0.038100272,1.8788636,0.57300174,0.5578778
3.0541131,1.9489111,0.5617252,0.47125006
3.078764,0.1298405,0.33593893,0.34709144
0.81686026,0.4656035,0.70785284,0.3605386
2.7994633,0.5986942,0.3723669,1.5433702
3.0021858,0.8918026,0.56599236,1.1341045
1.7883704,0.1033504,0.22414964,1.1514732
2.4967804,1.6625403,0.27562147,1.3081454
1.2389638,0.19543874,0.5623865,1.3531927
1.9775889,2.0790696,0.70545995,0.09007597
0.7029111,1.0811305,0.44078383,0.05425954
1.5832226,0.9186284,0.75658786,0.9043869
1.8951466,0.84916717,0.1653642,1.243834
0.41183805,1.2477856,0.40799183,1.491371
0.7326958,0.395343,0.7753215,1.4521649
1.5173798,1.3437922,0.64597815,0.1973095
2.905952,0.48032457,0.5244876,1.038105
1.4041317,0.91260564,0.31611544,0.32719272
1.910176,0.9908599,0.66296405,0.67250395
1.5543823,1.3426578,0.18018639,0.2503519
2.0341775,1.326738,0.48698264,1.0400062
2.4625237,1.1125009,0.60409695,1.146388
1.2989025,1.9302346,0.57299966,0.40880924
0.8827647,0.5419655,0.07542211,1.2707629
0.260619,0.35728002,0.50653744,1.2225504
0.084576726,0.10908079,0.6546047,0.888328
0.62470365,1.1804428,0.5320808,1.0794401
1.4451368,0.17690563,0.35989606,0.39997196
1.7165022,1.5619705,0.5805501,1.3713541
1.4700935,0.9884815,0.5016292,1.1208826
1.0245669,0.7297811,0.062353194,0.5304739
0.8762612,1.0531714,0.22901487,0.0921247
0.47513047,1.5261258,0.20931554,1.1393334
2.738739,0.20204139,0.31101608,0.9996408
0.07285404,0.7222443,0.39255202,0.30195594
0.35897595,1.1248717,0.46028316,1.3370634
0.10093975,0.014520645,0.6900546,1.3687959
2.8252337,1.219928,0.6411256,0.98277175
1.3515251,0.61383873,0.6098354,0.974982
0.07325196,1.2671149,0.6499735,0.20459878
3.0412557,0.30143738,0.27720422,0.8962754
0.23095009,0.1609934,0.6688901,0.06303954
2.7654276,1.8119895,0.48297337,0.7479536
0.3957162,0.46892408,0.36613086,0.09257424
0.7457786,1.2342789,0.5954995,0.93304294
2.2421231,0.13158429,0.34860092,1.4648626
3.0289254,1.0806576,0.3030428,0.0
1.990896,1.1442225,0.05117333,0.12390995
0.71182597,2.0796885,0.035740316,0.39439052
2.0894523,0.075633824,0.1710906,0.13886106
3.056923,0.8048996,0.7583381,1.1240939
0.26757973,0.6866907,0.29494876,0.6892004
1.9963899,1.39526,0.24474007,1.113194
0.053708375,1.1268036,0.7700164,0.70650536
2.1668954,2.0410137,0.6353647,0.05929351
1.8003731,1.4153284,0.49728715,1.3811243
1.2613199,0.548944,0.33625242,1.3574204
3.0473094,0.68880475,0.79758096,0.82986975
0.2623897,1.2434694,0.4781751,1.5516026
1.1216962,0.5160599,0.7520593,1.1544408
0.53794575,1.2317116,0.13711059,1.3797584
0.7873417,0.89220226,0.6300229,0.739532
2.7340124,1.7722046,0.74661005,0.92448545
0.7035339,0.42713684,0.3690905,0.8721914
1.4933484,1.1496489,0.46090162,0.93189514
2.2033339,0.09181571,0.5053593,0.043854356
2.6486483,0.89680046,0.068636775,1.4074965
2.921955,0.16925198,0.11398244,0.8799012
2.1294641,1.5830538,0.33507943,0.6051931
1.9716611,0.33420897,0.2290822,0.915506
1.6481671,0.4815594,0.53357446,1.4246466
2.7611115,0.4840347,0.29420257,0.21683896
1.9628642,1.3455653,0.1983878,0.13364303
0.9123125,1.4019868,0.1126889,0.8645884
2.9095006,1.2243251,0.4399292,0.82270086
0.9794172,1.663747,0.3273906,0.24958354
1.2486553,0.83903384,0.788133,0.30086446
1.801753,1.1723971,0.791464,1.2287678
1.7246089,0.17621416,0.0391047,0.47803694
0.9936869,2.0382838,0.26219186,1.0827458
1.0963099,1.2862797,0.065517545,0.24296772
2.3063095,1.2765942,0.39765793,0.05889225
1.5151317,0.90819865,0.37898532,0.1497426
2.3468585,1.3346479,0.55308604,0.48836035
0.115585685,0.8992767,0.09946287,0.37912184
3.044178,1.3410473,0.50291896,0.0395267
1.7673538,1.0489585,0.58731014,0.19371498
1.3016654,1.608622,0.18628192,0.07686758
1.9454255,0.11373365,0.6458179,0.5279022
1.8269379,1.4268576,0.2240082,0.09488535
1.021126,1.0207424,0.43553236,0.4875064
1.4236072,1.884089,0.5544952,1.4436278
0.7238521,0.76828575,0.5734752,1.0034407
2.0823042,0.5073652,0.25304,1.4076262
1.1500194,0.17933393,0.7353224,0.16574824
2.2994862,0.65117246,0.6408114,1.3435814
0.67027324,0.53272355,0.3994757,0.17327785
0.39554134,0.8225524,0.4803052,1.4287364
0.5809453,0.081902444,0.7651484,0.98626363
2.9327407,1.182754,0.52115214,1.035111
1.573139,0.8475568,0.19017273,0.19772041
2.3626368,2.0369825,0.2138688,1.0043559
1.1457937,1.258981,0.050386667,0.64730245
2.8795795,1.9959568,0.5219551,0.7413828
2.9747806,0.48763105,0.78376657,0.7494415
0.38478848,0.619819,0.28721708,0.06741452
0.33611387,0.31267142,0.38571227,0.57874537
0.45001727,0.41163665,0.13633364,0.8513696
2.0753813,0.86454225,0.7364455,1.4253528
0.20738155,1.08098,0.5987917,1.535388
1.2917395,0.3862493,0.3681975,0.7284082
1.9488823,0.91871977,0.07959491,1.3401928
0.79815304,0.7204224,0.6732437,0.5235293
3.081854,0.8186951,0.52193713,0.36910224
0.6525128,0.8953339,0.0065792203,0.3384751
0.820529,1.6958153,0.7344078,1.4039512
0.9353055,0.5061611,0.5484718,1.3391916
2.4486508,0.5315817,0.22183073,0.5167368
2.2826047,0.40571466,0.008143902,0.61619985
2.5922499,1.2419212,0.060585856,1.2712038
2.9629357,1.8037935,0.28064433,0.6092795
1.4302914,1.4211943,0.35159755,0.74339855
1.5129724,0.23786747,0.3727412,1.5052347
1.2802925,0.9203337,0.6268735,0.50247693
0.8116315,1.714829,0.69592863,1.1497957
2.4224498,0.12670779,0.24161863,1.0650609
3.0169435,0.95879424,0.15646064,0.3062092
2.7613902,1.5027593,0.15263045,1.4496847
2.765214,0.6556702,0.79872113,1.4494
3.0851884,0.5267507,0.5090971,0.28761297
2.7229524,0.717409,0.7572537,1.1590979
1.2813857,0.13415098,0.5318551,0.79032516
2.9676275,1.9534246,0.36232188,0.6602323
2.8636017,0.35468215,0.2923683,0.039853334
1.1139889,0.088722706,0.7657458,0.25642538
2.9839818,0.7696378,0.7191773,0.6725564
0.21861732,0.97138,0.13763273,0.7966014
1.1892035,1.4095182,0.38034135,0.5963113
1.8325789,1.5587552,0.5359629,0.21619755
0.8176056,1.1977466,0.32827178,1.4086499
1.8265038,1.1727176,0.5546453,1.0840421
1.6563156,1.241671,0.6575212,0.5977634
2.7852106,0.18013436,0.7063904,1.5026891
2.9584568,1.1760268,0.6986588,1.1243088
1.1612074,1.2573544,0.29543725,0.76401854
1.3605714,1.0378845,0.76446116,0.2817946
2.5472088,0.70104104,0.3055456,0.49213398
1.4690518,1.932077,0.76542556,0.4001149
1.6616518,0.9161026,0.72915614,1.1193395
2.3769774,0.39696747,0.7745325,1.0053403
0.98008,1.4265757,0.5499173,0.61782
1.4259855,1.1046294,0.5819057,0.081650734
3.0045638,1.8081774,0.43583778,0.54846853
1.0663978,0.15191436,0.68621534,1.4023978
1.0319983,0.9095944,0.75831985,0.56681013
0.56960475,1.1849473,0.62252283,1.1233754
0.4851258,1.8182108,0.62840855,0.71513927
2.2971573,0.08790082,0.7962651,0.9657669
0.13786048,1.0031184,0.4861309,1.3707721
0.20671114,0.4735731,0.46664724,0.24743581
1.4312661,0.093087256,0.27138096,0.8128831
0.73862743,0.11555934,0.16948664,0.03209424
1.2353706,0.4042029,0.1504988,0.3007173
0.8768098,1.332756,0.42538238,1.0186999
2.0327947,1.1119045,0.14581895,0.4173118
1.4581866,0.99743545,0.32872638,1.0468493
0.17727116,2.0726814,0.6131204,0.6911426
2.9558177,0.8974509,0.3045143,0.5105023
2.65863,1.3771703,0.45449036,0.36229098
0.72166944,1.3044401,0.39487553,0.7483606
1.332241,0.620505,0.40017325,1.4036872
2.7181458,1.5982935,0.5113122,1.0559916
0.81660366,1.6400305,0.22134516,0.41486323
0.6160816,1.1921325,0.11745185,0.8681406
2.544413,0.11378956,0.039648235,0.20710671
1.9987464,2.0416512,0.3348242,1.1531701
0.7579957,0.8362899,0.3403479,0.24320251
2.3216844,0.40253168,0.018229008,1.032755
2.654785,0.12997568,0.4820692,1.2695615
1.8644967,0.06591135,0.46915895,1.1647863
2.174146,0.9614491,0.49111655,0.25686252
1.4302938,1.9749371,0.1428349,0.9664949
0.8284067,2.0698104,0.7030245,1.2759316
2.2532043,0.15568775,0.7608535,0.9752468
1.426467,0.7136526,0.34291863,1.1516347
0.871926,0.07659125,0.5409553,1.4134893
2.0759428,0.9062346,0.2910656,0.8288262
2.860015,0.22635597,0.5347024,0.112853765
2.6971579,2.0762377,0.7344215,0.663854
1.0407538,1.2782633,0.7192536,1.4153919
0.68150914,0.31438518,0.17425364,0.59466076
2.8985028,0.1864531,0.034108102,1.5271991
0.24917078,0.65018725,0.50303507,1.0792822
0.1248388,1.8793818,0.07156187,0.65497655
2.7749438,0.99720985,0.0440737,1.523184
3.021371,0.08130354,0.13665658,0.18541014
2.5985854,2.069993,0.25150928,0.31903726
3.032712,1.7904731,0.53650117,0.8630073
1.8513305,0.74651724,0.76068133,0.05467379
1.8545647,1.1966975,0.13951337,0.3748479
0.021730363,0.19666141,0.58453083,0.87841785
1.7802901,1.826282,0.638887,1.4897811
0.52960646,0.38749233,0.6561328,0.3662367
2.1754017,1.2357377,0.4503594,0.43927288
1.9561999,0.36536872,0.7394857,0.44576406
0.34653565,0.09947705,0.36078036,0.43576998
1.9455397,1.3797982,0.7413252,0.6585755
2.9418864,1.3348954,0.20581436,0.2733572
3.037821,1.2132027,0.6333433,0.14081883
1.0615132,0.68673134,0.03516513,1.1556374
1.867799,1.3395777,0.14365047,1.5018818
1.5653284,0.46247882,0.69949824,1.5476863
1.9868431,1.0376521,0.7327092,1.1126894
0.1450113,1.4765494,0.21924534,1.1854843
0.90795416,0.34593004,0.41838038,0.685258
1.3269339,0.1512934,0.36308366,1.0029944
2.9572923,2.0088387,0.78146875,1.4571508
0.554203,0.62693,0.122771144,0.89509696
1.8759956,1.5141326,0.35450548,0.49156672
2.2671828,1.9272712,0.46005368,1.301344
1.1255782,0.24808407,0.14760977,1.5043128
2.5980136,1.1784055,0.22266656,0.5790644
1.72209,0.8556123,0.1110633,0.31628984
2.7825966,1.7804389,0.20087147,0.09990394
2.4157424,0.07312822,0.08891952,0.4637118
0.86703056,0.08845097,0.7948034,0.6712333
2.5543375,0.46463752,0.2998861,1.2393013
1.997225,0.93280315,0.08568698,0.74546313
2.0955212,1.2437253,0.43164927,0.9538441
3.035645,1.5442454,0.3689255,0.46396232
0.78451246,0.060758173,0.16905433,1.5492969
2.7158065,0.90219605,0.036995173,1.2757096
1.1427803,0.6195487,0.5523002,1.04219
0.2152156,0.22984147,0.7810417,0.19208705
0.9940104,2.0650892,0.39507216,1.513048
0.44241172,0.51793665,0.2977089,0.034044504
2.3272831,1.7407352,0.37607616,1.0415394
1.9376802,0.8942251,0.13303328,0.18600154
2.8492835,1.5710727,0.25769484,0.095534444
1.967526,1.7838638,0.15694535,1.0475299
0.51996976,1.9162284,0.44055337,1.412989
0.98691857,0.29565787,0.21632224,0.13350403
2.4152052,1.1158152,0.36924285,1.0526936
2.1878593,1.644106,0.15225345,0.5031233
2.872765,0.70737153,0.46219593,1.1152303
0.1271882,2.0883687,0.36260435,0.31908476
2.9330835,0.2144754,0.670057,0.60138565
0.7485547,1.1734372,0.56152916,0.21343297
0.7944166,1.5480397,0.1590563,0.23436737
0.71888065,1.081872,0.21483183,1.4924217
1.8121042,0.65772927,0.08366102,0.6258469
1.5136125,1.5459534,0.1845969,0.51898885
0.68996,0.07209945,0.48025498,1.2142336
2.54365,1.0801533,0.03311962,0.14762414
0.26068598,0.66898113,0.2886521,0.8151156
0.0813874,0.15747756,0.78520644,0.46327305
0.44552696,1.318168,0.036726058,0.66310173
0.22256613,0.24300396,0.66643655,1.2982967
0.96405625,0.23912191,0.47450176,0.65931255
2.549922,0.213292,0.5329561,1.4385203
1.4877769,1.0953237,0.044897318,0.7679384
2.695844,2.0387557,0.10788345,1.4291674
0.039788663,1.0567966,0.293827,0.69555646
0.003486216,1.9230536,0.45144194,0.42761594
2.078184,0.14412653,0.009178638,0.14681482
1.7735293,1.0307226,0.36662555,1.5469224
0.24119565,0.12236524,0.35905257,0.15300584
1.7483485,1.9136358,0.47730732,0.32820088
0.017950743,0.9514152,0.55409765,0.75551844
1.6144705,1.8207425,0.23579788,1.4231776
0.9490874,0.39820245,0.30614778,0.42690575
3.061113,1.5126774,0.08068776,0.13139069
0.8862438,1.0691121,0.46983597,0.5146522
0.13822788,0.0960924,0.4480191,0.23953456
0.36734378,1.3322504,0.71304435,1.1254504
2.682294,1.1665919,0.083100915,1.1077363
0.847054,0.4677542,0.70647615,0.7011081
2.4083276,1.0996753,0.20856297,1.3859092
0.6364786,1.8096759,0.36021557,0.2869025
0.70009613,0.13790894,0.32227683,0.7828882
1.7117038,1.8352225,0.34526464,1.3733741
0.60087514,0.95408154,0.6794155,0.6190669
2.0389438,1.636837,0.10160422,1.3420122
1.2140169,1.2887322,0.06284672,0.30206823
0.525074,0.40227842,0.07898873,0.51441455
2.1167405,1.8662958,0.47927368,1.536232
1.5184748,1.4322784,0.6306265,0.6126403
0.94450533,0.3283502,0.76053315,1.0828744
1.6102588,0.55882025,0.69850963,1.3384359
2.9898267,1.6574891,0.5324669,1.1890547
2.041041,0.3510254,0.45073235,0.031837463
2.0553324,0.16869283,0.7528205,1.3370345
2.1287148,0.42305663,0.4593233,0.6559725
1.5582516,1.90191,0.7141203,0.7374617
2.8931897,1.8449274,0.3112049,1.4616532
0.266339,0.6092147,0.45597303,0.69535875
0.29005212,1.7964476,0.029600382,0.7812396
2.0901215,1.7989252,0.71058834,1.1817827
3.010866,1.5290449,0.44387358,0.47070038
2.7735336,2.018176,0.25372875,1.1017551
0.43613687,0.712317,0.58669126,0.796172
2.766556,1.1735871,0.792022,1.1566353
0.8281751,0.7443742,0.23088446,0.56625015
1.0719347,1.5513234,0.17193568,9.083748e-05
0.20731583,1.6998999,0.31374958,0.13730264
1.1125927,0.98404795,0.44124258,0.57359785
2.5726755,1.4976014,0.018380284,1.1322751
2.3212907,0.13168585,0.49482524,1.492303
2.2859707,0.42865413,0.40616253,0.18654668
0.8750688,1.0534892,0.054981887,1.3044288
2.5677135,0.8021542,0.6810324,1.0028186
2.7029147,0.9257401,0.71685755,0.41917795
1.9065375,1.4152622,0.30932707,0.5862135
1.4567521,2.0179105,0.61246544,1.0473301
0.48013788,1.0311239,0.30972254,0.32242286
1.0127295,0.21128786,0.70874643,0.9266615
1.6219828,0.4074704,0.43202373,1.3355057
2.8460083,0.8144398,0.67023885,0.62990886
2.1557016,1.033086,0.23259127,0.24292767
0.9880887,0.6153437,0.5501379,0.15098214
2.8635948,2.0826437,0.12346518,0.29023135
1.8167365,1.5505065,0.3912655,0.6727646
0.3091365,0.43867093,0.6380044,0.74807143
0.42391112,1.6533637,0.35233226,1.0043392
2.613152,1.6969006,0.41656467,0.6893593
