,,,
2.4411,1.5772,0.053555,0.041254
0.24203,0.17856,0.031692,0.33167
2.0388,0.51746,0.00068392,0.18104
2.2326,0.53018,0.019057,0.41158
0.41991,1.8418,0.070087,1.4795
2.9076,0.89198,0.056125,1.343
2.1923,0.21763,0.058172,1.3882
0.37142,1.9736,0.07314,0.96101
1.0163,0.73258,0.072757,0.80718
1.7379,1.5972,0.042355,1.2876
2.3404,0.79562,0.028724,0.86213
1.1925,1.8856,0.079516,1.3585
0.49775,0.25917,0.017668,1.248
2.9974,0.50235,0.059288,0.35699
0.072413,1.6116,0.058014,-0.043199
0.63812,0.22142,0.041839,0.13638
2.5813,1.8295,0.065505,0.41047
0.88167,0.76182,0.034078,1.2202
2.4364,1.6784,0.075429,1.2699
1.5203,0.19459,0.026764,1.1942
1.6784,0.78607,0.045427,0.36195
0.8822,1.6391,0.038285,0.44787
2.9825,1.6267,0.073863,0.82552
0.26154,0.76954,0.013132,0.47016
0.026426,1.8694,0.057524,0.36393
1.8405,1.327,0.063685,0.43006
2.0164,0.22447,0.0034761,0.5007
1.8615,0.22703,0.028733,0.24337
2.4787,0.21565,0.040366,0.99668
0.33567,0.39588,0.050996,0.22146
2.5083,0.2069,0.075692,1.1228
2.3743,1.0625,0.026305,1.024
2.4195,0.60112,0.040799,1.3689
1.3883,1.6812,0.052867,1.5846
0.93305,0.56108,0.042098,0.77985
0.073458,1.4733,0.0065751,0.93398
2.0541,1.3011,0.063274,0.28055
0.14374,0.24569,0.073055,0.785
1.0048,0.77488,0.062752,0.42532
0.69944,1.5588,0.078192,0.42276
1.1422,1.2268,0.05979,0.55208
2.0471,0.24013,0.051638,1.224
0.44594,0.41833,0.068527,0.2666
0.12441,0.63082,0.0075446,1.0762
0.35999,0.33573,0.060838,1.4714
1.402,1.6413,0.029617,0.83906
2.1309,1.6959,0.058162,1.2228
2.9061,1.4019,0.0062084,0.30221
1.0067,1.2555,0.024337,1.2456
0.66931,1.549,0.043962,0.49653
0.091252,0.61215,0.00059451,0.8284
2.9036,0.83535,0.018896,0.83555
1.1328,1.5625,0.036451,1.1087
2.2564,1.6648,0.032694,0.31391
2.6048,0.93763,0.0036314,0.089306
0.79726,0.33146,0.010902,0.29371
1.8663,1.8528,0.049733,0.80272
0.53855,1.8577,0.019396,1.0958
0.30022,0.45463,0.031806,0.73837
0.68021,0.43281,0.060936,1.2619
1.4409,0.8758,0.072138,0.25922
0.16912,1.3133,0.06918,1.2947
1.2513,1.1677,0.039799,1.2821
0.46301,0.38069,0.014009,0.5734
0.56758,0.24134,0.04676,0.33193
3.1627,0.95508,0.05589,1.5943
0.26721,1.448,0.037663,0.86616
1.1281,1.2898,0.044599,0.44994
1.2881,1.0055,0.035988,1.4111
0.97199,1.8819,0.06644,0.94566
1.8622,0.15968,0.033424,1.1739
2.2303,0.52644,0.052612,1.4639
1.2129,1.4211,0.072251,1.3613
2.7708,1.9042,0.0020527,0.28195
1.0216,1.15,0.016742,0.36662
2.7929,1.3877,0.047869,0.25799
0.82692,1.8925,0.07039,1.4315
2.1927,1.8999,0.060423,1.0495
0.30546,1.2082,0.050087,0.7038
1.0316,0.40738,0.043039,1.0284
1.3733,1.0311,0.047337,1.168
2.7166,2.0258,0.045987,0.70436
2.7728,0.11711,0.018527,0.14632
0.38539,1.5899,0.015412,1.0346
0.19923,1.9737,0.079748,0.63316
1.4805,1.0947,0.07817,0.20904
3.0321,0.29971,0.048123,1.1263
1.5857,0.90005,0.075205,0.25481
0.43104,0.17261,0.047575,0.77209
1.2853,1.8863,0.078445,0.94626
1.7365,1.1443,0.038222,0.40093
1.4984,1.6144,0.027474,0.38249
2.4197,1.2305,0.058811,1.3334
1.0405,0.93368,0.044987,0.96606
1.7655,1.5526,0.033221,0.52982
2.5389,0.54525,0.05508,0.65597
2.7773,1.8647,0.073654,0.45786
2.8233,0.44795,0.013552,0.33197
0.83662,0.60285,0.073819,0.31748
0.15055,1.8104,0.051087,1.3289
2.9387,0.77184,0.03638,1.5356
2.4242,0.20752,0.0029837,0.014713
2.4725,0.36617,0.011997,-0.037055
3.0606,1.1947,0.058575,0.96735
2.8641,0.28893,0.073344,0.11889
0.173,1.2996,0.012113,0.22829
2.4224,1.9907,0.0059761,0.77628
1.3537,1.0894,0.068661,1.4048
2.453,1.5189,0.054188,0.032003
0.93655,0.24998,0.049729,0.29419
1.9059,0.18443,0.063454,0.88186
2.4791,1.4526,0.078268,0.75112
2.0386,0.28291,0.075244,0.13225
0.25907,0.23678,0.070255,0.3566
2.0392,0.19401,0.018684,0.4297
0.81714,0.72174,0.038543,1.0125
1.216,0.56362,0.032343,1.4758
2.2411,1.8335,0.020884,1.4939
2.7762,0.41255,0.015475,1.3977
1.6223,0.33271,0.034522,0.29484
2.7356,0.51287,0.066576,0.60202
1.3787,0.81221,0.02521,1.2868
0.9186,0.20164,0.00369,1.3615
1.7279,0.89945,0.01559,0.90242
-0.029513,0.19174,0.02739,0.33158
1.3448,1.58,0.038871,0.37426
0.14042,0.46384,0.074644,1.294
1.1542,1.7083,0.078155,0.87181
1.5189,1.4342,0.03188,1.1419
0.10525,0.21916,0.06743,1.1118
2.8329,0.83915,0.014501,1.483
0.51279,1.3636,0.023089,1.0931
1.9368,1.7457,0.010239,1.6307
0.94762,0.54839,0.043824,0.63681
2.733,1.17,0.0098231,1.0589
2.3559,1.1931,0.069664,0.36134
0.13496,0.82435,0.046621,0.73573
1.0771,0.49427,0.064872,0.30418
1.7597,0.41905,0.052141,0.087181
0.36185,0.8992,0.047548,0.60823
0.28598,1.108,0.0099746,0.99119
2.2797,0.3723,0.061586,0.3739
0.48851,0.31606,0.060319,0.81121
2.8611,1.1166,0.012978,1.13
2.1775,0.29666,0.020387,1.2486
1.7036,0.30997,0.015824,1.3381
1.7578,0.38719,0.0062432,0.9119
2.9176,1.8758,0.013457,1.3566
1.493,0.67988,0.042084,1.0911
1.9123,1.6945,0.075582,0.57742
1.4314,1.5349,0.034482,0.99066
2.2079,1.9401,0.028989,0.79055
1.9502,0.77997,0.039523,0.23406
1.8678,1.7397,0.050285,1.2527
3.152,1.1208,0.042713,1.2965
0.28691,0.2497,0.03793,0.62841
0.67518,1.8468,0.047323,0.92275
0.44861,1.3206,0.036542,1.495
0.37771,0.80124,0.079878,1.3724
2.8027,0.65855,0.064627,1.1338
0.75564,1.787,0.0059228,0.80481
1.5115,1.7698,0.043168,1.4168
2.8516,0.22602,0.065478,0.47775
-0.076928,0.13919,0.052687,0.81033
1.3119,1.9539,0.059188,0.15655
2.2634,0.32949,0.036949,0.87982
0.077522,1.8144,0.035105,1.0247
1.5005,0.41141,0.032537,0.44715
0.25299,1.9195,0.057927,1.2901
1.4895,0.6913,0.010926,1.0771
1.9173,1.6997,0.077069,1.2943
0.99862,1.7202,0.06831,1.3499
0.72168,1.0682,0.039898,0.97824
1.2277,1.8677,0.012656,1.4553
0.80749,0.44041,0.0043621,0.17036
1.8736,1.5643,0.062335,0.10979
2.6548,0.86069,0.050742,1.244
0.57702,0.17395,0.038756,1.0931
2.2615,1.4237,0.023055,1.4517
0.35766,0.71607,0.057682,0.47787
0.25202,1.6958,0.052813,1.3385
1.72,1.03,0.050359,1.449
2.8194,1.9515,0.010876,1.0881
2.8409,0.28584,0.016365,1.1698
2.082,1.4382,0.061174,0.19414
2.167,0.41259,0.045317,0.40442
0.60301,1.0455,0.006131,0.1477
0.29118,0.16296,0.0447,0.84417
2.2884,0.2988,0.00094621,1.3976
1.4934,0.79138,0.021539,0.94711
2.7163,0.98728,0.033169,0.34715
0.74469,0.21974,0.038494,0.58298
2.0379,0.16183,0.072134,0.73792
0.749,0.22241,0.005291,1.3962
1.5551,0.40539,0.0049728,1.5061
0.18178,1.9457,0.011801,0.85487
1.0966,1.4282,0.04935,1.2544
0.40075,1.6774,0.00074378,1.4682
2.7874,1.7993,0.061544,0.0011581
0.7243,1.8725,0.045454,1.044
1.1251,1.984,0.0092103,0.31968
1.9814,1.5313,0.062858,0.42002
2.0529,0.2647,0.02134,1.1744
1.8308,1.2142,0.0013814,0.65773
1.1281,0.16667,0.0033016,1.5594
0.88308,1.1364,0.024786,0.53057
2.5181,1.8497,0.056327,0.79077
2.008,1.8425,0.069109,0.92024
0.084608,0.42901,0.029961,0.8487
1.7091,1.8877,0.023525,1.0817
2.5024,1.909,0.047241,1.2541
2.0875,0.19712,0.068896,0.14491
2.092,1.1021,0.065004,0.44649
2.7562,1.0336,0.011217,0.099775
1.4488,1.7391,0.036394,0.065577
1.1601,1.9756,0.072099,1.5692
1.6571,1.0649,0.068758,0.64185
1.9247,0.50667,0.045954,1.3738
1.0738,1.8002,0.0019107,0.63247
2.985,1.0283,0.0011502,1.3739
1.1644,1.3873,0.0689,0.39259
0.79406,0.33513,0.014005,0.16336
3.0334,0.83418,0.036018,1.0974
2.5009,0.34447,0.035852,0.8347
0.22257,1.9809,0.00033571,1.251
1.5938,1.2238,0.047301,1.1377
0.25867,1.6382,0.050177,0.81512
1.6735,1.9907,0.0178,1.4449
1.8484,0.39899,0.069384,0.34401
1.5484,0.44449,0.014216,0.38505
2.5699,0.99156,0.051033,1.2517
0.13705,0.21425,0.067795,1.518
2.3109,0.89231,0.064731,1.3572
2.9558,1.9016,0.00064903,0.46742
2.4537,1.9987,0.048573,1.4514
2.3874,1.4582,0.046272,0.10864
2.5464,1.3562,0.029899,0.27872
1.0725,1.9012,0.020296,0.27156
1.3057,1.5014,0.022738,1.3385
2.7028,0.13211,0.047573,0.29253
2.4458,1.9168,0.027059,0.33871
0.56705,0.38938,0.0063455,0.46232
0.93755,0.22283,0.01123,0.18344
1.3914,1.8683,0.023206,0.27772
1.0266,1.9892,0.06431,1.0037
1.5547,0.47578,0.03353,0.93746
2.3929,0.21142,0.041041,0.28027
2.8586,1.6948,0.050497,1.4212
2.9937,1.9742,0.015332,0.59557
2.5686,1.0113,0.0023307,1.3985
1.2449,1.4272,0.079331,0.63748
1.391,1.6237,0.038498,1.5762
0.22474,0.53496,0.030423,0.64097
1.8688,0.88349,0.06866,1.3786
0.8373,1.1951,0.060893,0.84636
0.62118,1.0627,0.018902,1.5781
2.714,1.3579,0.058853,0.29
3.1628,1.1765,0.0514,0.5558
2.737,1.8355,0.022498,0.78829
1.2107,0.22186,0.02203,0.68981
1.4841,0.27958,0.055057,0.69191
1.0051,1.9486,0.022441,1.472
1.169,1.3589,0.044048,1.316
2.6546,2.0102,0.011955,1.0357
2.603,0.6629,0.051721,0.94164
1.3639,0.93712,0.023901,0.56797
1.1834,1.4059,0.07017,0.73535
0.18539,0.87881,0.016335,0.083459
1.1722,0.31935,0.064515,0.21551
1.1957,1.0528,0.058272,0.27124
2.5855,0.232,0.018185,0.033289
1.2463,1.6855,0.024859,0.12902
1.8541,0.7684,0.018065,0.22804
3.004,0.43323,0.003794,0.29168
1.0203,1.9678,0.058809,1.1136
2.0384,1.9985,0.055627,1.3468
0.53307,1.7195,0.062929,0.67978
0.15526,0.50088,0.032611,0.87637
2.1131,0.99718,0.051703,0.98309
1.1123,1.4462,0.078822,0.95188
2.9245,0.19058,0.043756,1.1905
0.52027,0.23787,0.026372,0.92787
0.62788,0.53323,0.00099097,1.3476
3.0021,1.3461,0.022961,0.7828
0.86913,0.60678,0.021742,1.1079
1.0986,1.0046,0.04891,1.3112
2.5621,0.36384,0.055373,1.0034
2.2632,1.0653,0.00082274,0.14138
2.2629,0.30904,0.021373,0.63836
1.9123,0.99158,0.067587,0.82866
1.2886,1.7381,0.0059173,0.60802
1.5616,0.26177,0.031711,0.071479
0.63976,1.9913,0.069832,0.89528
0.83479,0.26166,0.034692,0.39962
0.27872,0.51819,0.010723,1.2068
1.4296,0.85684,0.05042,1.4011
2.1,1.5295,0.040898,0.20896
1.6662,0.84737,0.051964,0.18824
2.2063,1.7139,0.0006347,0.37263
0.16318,1.1137,0.010931,1.2334
0.14767,1.8187,0.0043457,1.4515
1.6315,0.21418,0.074601,0.23259
1.8383,0.28225,0.054963,0.43716
1.2245,1.4493,0.067596,0.42507
1.9827,0.46319,0.075513,0.89012
2.8367,1.5409,0.032178,0.43651
2.4722,0.51971,0.039644,1.6022
2.0565,0.50607,0.017406,0.71358
1.6019,1.5347,0.073376,0.24568
1.9813,0.29538,0.035747,1.5231
1.9432,1.1299,0.043211,0.68926
0.27094,0.16469,0.031146,0.80516
1.7599,0.19565,0.065051,0.77662
2.6129,1.4689,0.044763,0.38785
0.96581,0.49701,0.032508,1.2422
1.4143,1.771,0.006671,1.3879
2.667,1.3786,0.048222,0.54859
1.9317,0.22671,0.050956,1.3315
2.5207,0.24345,0.020095,0.60502
3.0895,0.99345,0.050846,1.5414
0.21799,0.96149,0.026802,1.4258
1.9147,1.8289,0.02757,1.6302
2.2728,1.6776,0.04861,1.236
1.6645,0.61334,0.064329,0.39668
2.3785,0.25096,0.010398,0.98633
2.2246,0.43371,0.065411,0.76163
1.3346,1.7213,0.059313,0.22315
2.2657,1.3917,0.016097,0.20846
1.5371,1.0134,0.039702,0.1407
2.7191,1.0078,0.0071213,1.1077
1.1016,0.58812,0.0065238,1.1069
0.79212,0.7171,0.052129,0.12289
0.51051,1.7519,0.050505,1.1195
0.16543,0.32509,0.012121,1.2698
1.6277,1.3194,0.038316,1.1265
1.0706,1.3438,0.020109,0.57292
1.7966,0.20631,0.046656,0.2499
2.9806,0.90068,0.0067403,1.4578
1.5167,1.2146,0.056153,0.090757
0.68533,0.82032,0.011768,0.66733
2.0894,1.8677,0.068728,0.82666
0.84751,0.47002,0.021688,1.1286
0.26688,1.3914,0.017708,1.3096
0.59538,0.6604,0.011185,0.73062
0.3479,0.87069,0.070891,0.40058
1.0682,1.842,0.018284,0.56662
0.66587,1.9279,0.067389,1.2239
0.19164,0.64802,0.020949,1.3552
0.68165,0.88605,0.0048288,1.1722
0.98619,0.23955,0.012351,0.92497
0.085714,1.808,0.072891,1.1024
1.4575,0.97508,0.036184,1.0667
0.077032,1.5796,0.05218,0.96723
0.25128,1.5998,0.059597,0.033715
1.5551,0.22041,0.07147,0.62441
2.4985,1.1176,0.024351,1.2399
1.3614,1.9959,0.052802,1.2879
1.2345,1.9589,0.062373,1.4063
1.8012,0.26817,0.042498,0.79669
1.2696,0.18538,0.065361,0.84871
0.75425,0.59104,0.028172,1.3311
2.2998,1.8115,0.034728,1.261
0.34693,1.8858,0.033193,1.3315
0.71835,1.3275,0.061723,1.035
0.65922,0.9268,0.074884,1.4253
1.0615,1.5039,0.07018,1.0045
1.1595,0.64771,0.045265,1.4442
1.0819,0.67954,0.058142,0.26282
0.81899,0.19477,0.017596,1.4508
0.26885,1.3766,0.010392,0.028572
1.5549,0.29395,0.077858,0.39537
2.3495,0.55573,0.028173,1.3621
0.26588,1.6415,0.052386,0.10586
2.6158,1.0285,0.020088,0.39672
1.814,0.3477,0.057325,0.37593
-0.066208,0.16387,0.047709,1.5149
2.3328,0.19916,0.013976,1.1999
1.8016,0.29261,0.032706,0.6513
0.14443,1.2885,0.016186,0.65815
1.5998,0.56566,0.036489,0.26568
2.3827,1.3779,0.0080258,0.23627
1.3171,1.4648,0.072579,0.9177
1.0823,0.87496,0.00058787,0.066168
1.4648,1.2532,0.03773,0.62115
0.27448,1.9739,0.0087192,1.4975
2.3744,1.1116,0.054947,0.80514
2.5471,0.35534,0.049796,1.3484
0.18582,1.8513,0.051689,1.0705
0.46705,0.65064,0.015709,0.95241
1.3776,1.0238,0.035384,0.14292
1.2676,1.6148,0.055044,0.67172
0.21157,1.2939,0.058843,1.0832
0.24466,1.3939,0.041335,1.1122
0.52319,0.17863,0.023986,0.59403
2.3234,0.38091,0.063551,1.0665
0.17514,1.9107,0.016302,0.46867
0.5583,1.665,0.006149,1.2824
1.4728,1.1766,0.043624,0.78962
0.49035,0.75269,0.049419,1.3835
1.3811,1.0539,0.078709,1.4259
0.88444,1.915,0.021642,1.4306
0.85048,0.20413,0.00049078,0.43397
2.2866,1.8736,0.059589,1.23
1.6528,1.317,0.051465,1.0526
1.4361,0.23075,0.035501,1.2497
1.1326,1.762,0.0010941,0.58596
1.6646,0.19935,0.018699,0.92023
2.1097,0.75294,0.025115,0.41515
0.13544,1.484,0.072047,0.20453
1.2497,1.91,0.075404,1.4613
0.60771,0.20837,0.050358,0.97442
1.5332,0.1919,0.021299,0.538
1.2504,1.13,0.076014,0.36791
0.23905,1.1925,0.053991,0.64569
0.71874,0.21974,0.015029,0.27702
2.3337,0.6609,0.037073,0.62623
0.46658,1.0958,0.027119,0.90189
2.3508,0.62527,0.051127,1.4202
2.5366,1.7643,0.037376,1.1437
1.0892,0.92133,0.01025,0.38459
1.613,0.9554,0.01569,1.1366
2.9074,1.2434,0.072696,1.2728
2.4066,1.2995,0.074985,0.76869
0.15535,1.241,0.07354,0.014056
0.5785,1.167,0.02631,1.0744
1.6932,0.78668,0.0095148,0.28275
2.4835,1.2657,0.013019,0.49609
0.89563,1.6487,0.03443,0.69006
0.3074,0.57854,0.05991,1.2295
2.7553,1.8403,0.059556,1.1785
1.4621,1.8975,0.0082835,0.0029208
2.3026,1.7193,0.0036891,1.4384
2.7661,1.2472,0.054365,0.77047
0.29739,0.25092,0.025973,0.18966
2.5133,2.0118,0.069096,0.71683
1.3619,1.669,0.0080552,1.3009
0.36076,1.5569,0.061842,0.17773
0.75725,1.4314,0.060983,0.55985
3.0144,0.14856,0.010834,1.4789
3.045,1.3024,0.017744,0.63936
1.0682,0.76855,0.068498,0.90995
2.5351,1.8285,0.018493,0.096463
1.9059,2.0056,0.0018377,1.6859
1.574,0.97476,0.0010879,0.05038
1.6002,0.22238,0.079229,1.1332
1.3882,0.21378,0.0308,1.0288
0.33194,0.68257,0.0085652,0.24762
0.49388,1.35,0.023037,0.96469
1.8078,0.89074,0.029472,1.0911
0.48227,0.38009,0.025559,1.403
0.040095,0.29055,0.054508,1.2605
0.85501,1.7572,0.060327,0.57725
1.2772,1.9225,0.01519,0.19151
3.0665,0.4288,0.035251,0.47292
1.8661,0.29772,0.036935,0.50873
0.65222,0.41612,0.010145,1.2121
0.79572,0.48748,0.041856,1.3419
3.1103,1.4905,0.0016537,0.4053
1.9285,1.5616,0.069718,0.51995
1.9417,1.5916,0.021701,0.25645
2.4981,0.2313,0.075737,0.67298
0.047029,1.3464,0.066267,0.85657
1.9108,0.49318,0.037104,1.2309
0.88748,0.17382,0.0071176,1.4088
2.5419,1.9465,0.038883,0.79663
0.044794,0.39361,0.020125,1.1726
0.52109,1.5276,0.065961,0.89079
0.98789,0.39958,0.051685,0.68225
3.16,0.96725,0.036535,1.5091
2.4079,1.2622,0.011181,0.41197
2.1359,1.6729,0.01146,0.49616
0.88008,0.56118,0.061117,0.39346
2.8106,1.9446,0.045058,0.37949
2.5653,1.7262,0.043484,0.97607
3.0766,1.3935,0.018692,0.98242
2.1114,0.64896,0.025491,0.7022
1.7206,0.59184,0.0018367,1.4249
0.13724,1.3932,0.027578,1.1736
0.53993,1.5304,0.076309,0.3961
1.2542,1.9214,0.024103,0.059755
0.89694,1.6004,0.048028,1.4486
1.1291,0.32241,0.032283,0.37542
1.4293,0.16771,0.063475,1.1071
2.9353,1.3151,0.068006,0.63058
1.0327,0.22633,0.0077056,0.55653
1.5415,1.6099,0.048566,0.72603
2.3481,1.8782,0.03321,1.3888
2.3652,0.29433,0.056302,1.3854
1.5951,0.87814,0.054813,0.85924
2.2534,1.4278,0.037964,0.92
1.6484,1.7275,0.039272,0.73388
0.66395,1.2616,0.067966,0.22391
2.0952,1.8897,0.054231,0.71967
2.5537,1.1458,0.073773,0.65433
0.10189,1.2674,0.063321,0.045241
2.7238,1.2116,0.053545,0.91486
2.3949,0.42119,0.067945,1.1449
1.3983,0.9355,0.040817,1.2895
1.4938,1.4282,0.010578,0.86064
1.2433,0.25105,0.027538,0.16055
0.079047,1.0424,0.068342,1.3304
3.0417,0.63327,0.067223,0.27406
0.12384,1.5563,0.033875,0.66885
0.1415,1.3983,0.026456,1.2718
0.49954,1.5597,0.0483,1.4134
3.0103,0.14985,0.045784,1.5417
2.7353,1.2887,0.019474,1.3758
0.89625,0.63531,0.042766,0.63981
0.044965,1.8808,0.057064,0.51362
2.2863,0.19802,0.02786,1.3494
0.20421,0.76045,0.013506,1.4347
2.2332,1.7912,0.029242,1.3191
0.7378,0.17754,0.022445,1.158
2.3837,1.4445,0.07055,0.12857
0.49482,0.38471,0.013818,1.1955
1.3313,0.17651,0.03607,1.2046
1.6634,0.68793,0.017043,1.3644
1.1378,0.95547,0.025985,0.64242
2.8724,0.21466,0.044618,0.76185
2.0696,0.99881,0.046548,0.17181
1.6838,0.54107,0.013182,0.18125
1.9127,1.4387,0.023,1.0595
2.0892,0.35286,0.051425,1.2299
0.49632,0.78415,0.04214,0.41026
0.14081,1.6501,0.035752,0.34144
2.9805,0.756,0.038861,0.082816
2.7999,1.878,0.014031,0.68081
1.469,0.55748,0.077308,0.39496
0.46619,1.8357,0.066662,1.3744
3.0785,0.23748,0.072621,0.60702
2.9148,1.2161,0.012199,1.1582
0.86476,1.9132,0.040094,0.34486
1.642,0.45494,0.00011782,0.86091
1.6746,0.39337,0.055096,1.3402
-0.050785,0.19269,0.018003,1.4955
0.54766,0.6209,0.075302,1.1402
0.43094,1.4618,0.038311,1.4936
0.83267,1.579,0.033555,0.35833
1.6698,1.0103,0.058984,0.71741
2.9237,0.48717,0.029575,1.4554
1.9914,1.0376,0.045074,1.2991
0.90824,1.7802,0.010248,0.62023
2.5054,0.9854,0.0088699,0.48576
0.28461,0.40531,0.01353,0.41099
1.1886,0.27516,0.042414,1.4226
2.2761,0.24063,0.060395,1.2025
2.6043,0.85672,0.020585,0.91325
1.7734,1.9268,0.053714,0.31688
2.8655,0.84678,0.056449,0.15829
2.8183,0.27235,0.045556,0.284
2.67,1.6406,0.041883,1.0379
1.6605,0.40824,0.023616,0.098879
2.9629,1.2925,0.07672,-0.053659
1.3438,0.84677,0.057549,0.42151
0.2593,0.16644,0.046122,1.5453
1.1636,1.8083,0.031307,0.29589
0.55274,1.957,0.042306,0.93546
2.5078,0.20983,0.024343,0.69915
3.1343,1.4475,0.050924,0.68025
0.61516,1.3392,0.0088589,0.28278
1.4981,1.9693,0.078683,1.3853
2.6844,1.0145,0.04005,0.19809
2.5483,1.6546,0.020054,0.35973
1.6862,0.19635,0.060106,1.1644
2.1425,1.8472,0.041236,1.5094
1.1204,1.8103,0.042635,1.0724
2.6501,1.7399,0.025442,1.0704
2.7627,0.40504,0.047078,1.2999
0.50652,1.1219,0.072309,1.1879
0.13114,1.5732,0.014287,1.2344
1.8131,0.4371,0.032918,1.3798
1.6343,0.8465,0.051604,0.12267
1.4497,1.7742,0.040244,1.55
2.1729,1.7984,0.010642,1.5038
2.4784,1.8516,0.063287,0.12597
0.13188,1.7756,0.068261,0.27489
1.0311,1.9815,0.036974,1.3019
2.9644,1.1215,0.012642,0.35079
1.5299,0.64505,0.073165,0.71335
2.3453,0.69216,0.010094,1.1458
1.1134,1.8605,0.06725,1.1514
3.018,1.4763,0.075309,0.4646
1.7243,1.8832,0.070285,1.4936
1.5187,1.871,0.035611,0.92357
2.0157,1.3607,0.047818,1.3886
1.7558,1.9246,0.013959,1.6991
1.1398,1.9532,0.0020724,0.63889
0.14416,1.7365,0.06142,0.77928
2.4615,0.32138,0.079963,1.2857
0.41284,1.3524,0.0087993,0.15738
0.16941,1.1182,0.030777,-0.022537
0.021165,0.16855,0.053224,0.92726
2.9557,2.0368,0.074151,0.95549
2.3332,0.80905,0.028132,0.48692
1.2748,1.4126,0.038452,1.413
0.75216,0.41319,0.046809,1.0428
1.3871,1.7537,0.058741,1.217
0.092252,1.9292,0.057858,0.86984
0.9061,1.667,0.0098145,0.51297
1.928,1.8793,0.060418,0.57527
2.5709,0.2957,0.065729,1.3892
0.27458,1.7162,0.012142,1.1271
1.1122,0.98339,0.016347,0.45868
1.8959,1.9749,0.013751,0.49556
0.61032,0.7974,0.023184,0.64342
1.4371,1.3012,0.0048726,1.192
0.89527,1.8569,0.072196,0.77438
1.8713,0.80892,0.03011,1.3173
0.18926,1.174,0.054536,0.61714
0.58117,0.60405,0.033518,0.64542
0.77446,0.35508,0.0241,1.3814
0.10362,1.2268,0.010741,0.58079
1.4787,1.9183,0.0032262,0.84785
1.1611,1.0579,0.016299,0.52175
2.1043,1.7501,0.054921,0.074512
2.9436,1.8084,0.068038,0.038719
2.3323,1.9559,0.049423,0.86604
1.1309,0.99447,0.063724,0.2675
1.3837,0.25886,0.03935,1.1433
1.1431,0.90824,0.008435,0.89712
3.1062,1.5634,0.01098,1.313
2.3862,0.16573,0.012672,0.52593
2.9828,1.8747,0.052597,0.081962
0.057825,1.9035,0.028163,0.026777
2.5745,1.8009,0.012923,1.4138
2.4619,1.2247,0.067898,1.0497
0.8406,1.3749,0.0027338,0.48958
1.0783,1.9646,0.028891,0.085756
1.46,0.56166,0.0045607,0.99345
0.28723,1.5749,0.0032981,0.15913
1.733,1.8357,0.050242,1.6078
1.9068,0.19894,0.051498,0.20284
1.4712,1.9592,0.021884,0.089696
0.74138,0.56583,0.042165,0.57714
0.69629,1.6627,0.0156,1.3048
2.0881,1.7217,0.014266,1.1634
2.8868,1.9326,0.0029543,0.43591
2.9724,1.454,0.045676,0.12528
1.2968,0.17254,0.073764,1.1836
0.9223,1.9958,0.069803,0.51179
0.82462,0.41516,0.063532,0.4126
0.11026,1.8068,0.050978,0.96589
1.2147,1.6621,0.012539,1.0307
1.3252,0.30429,0.059742,0.61498
1.233,1.6551,0.051385,0.71226
0.70759,0.96708,0.060846,1.0534
2.2261,1.8889,0.011029,0.54672
2.1923,1.2758,0.069612,0.38743
1.4289,1.9639,0.022102,0.55488
2.851,1.0604,0.044986,1.4599
1.6798,1.9677,0.03313,1.4504
1.5561,0.29186,0.025742,0.80826
0.74455,1.0599,0.064343,0.083717
3.1505,1.4554,0.021805,1.1802
1.3315,0.67704,0.06644,0.10025
1.3641,1.0908,0.037897,0.75993
1.0367,1.095,0.016631,0.91304
1.2032,1.9391,0.020116,0.48206
0.40365,0.63328,0.057475,1.3945
0.98132,0.71808,0.061627,0.20964
1.6501,1.8812,0.0022347,1.4597
2.3774,1.9489,0.020274,1.234
1.3831,1.8764,0.055487,1.5623
0.11012,0.91931,0.077536,0.80472
0.1128,0.26019,0.07417,1.5342
1.9656,1.8531,0.024018,0.24534
1.9989,1.8705,0.0012806,1.5939
1.0948,0.18131,0.07664,0.9651
0.22346,2.0082,0.035729,1.4171
1.3147,1.5863,0.039496,0.65649
1.7317,1.8595,0.013468,1.1539
1.4578,0.78357,0.075297,0.17985
1.977,1.5724,0.0098624,1.0789
0.69901,1.8846,0.045167,0.94189
1.4,1.3798,0.028427,0.23969
1.7078,1.9024,0.016347,1.0102
1.5048,0.20923,0.072913,0.32052
2.4271,1.0584,0.047353,1.1931
1.219,1.6083,0.059954,0.99558
1.197,1.5022,0.078881,1.1336
2.3009,0.30238,0.070092,0.15527
0.80754,1.8922,0.067284,0.15567
2.6628,0.33341,0.01105,0.56268
2.6056,0.8727,0.061443,0.47335
1.0611,1.5652,0.00014306,1.2686
1.7144,1.823,0.015118,0.013785
1.1752,1.4007,0.0096944,0.33605
0.50547,1.2614,0.011335,0.057472
2.7215,0.14922,0.012476,0.13282
0.34665,1.4837,0.043945,0.96155
1.6364,1.5889,0.054052,0.21031
1.0158,0.69113,0.068122,1.1524
2.0243,0.1889,0.03604,0.41883
0.059786,1.4229,0.068814,0.15691
2.8683,0.96481,0.024287,0.22433
2.196,0.16974,0.022352,0.50766
1.8563,0.42333,0.0042916,0.5718
0.42675,0.59074,0.010319,0.92897
1.6409,0.61375,0.032298,0.61307
2.0449,0.46883,0.071579,1.4466
0.93632,0.30549,0.063299,0.86649
0.3412,1.7838,0.0608,1.0827
2.8391,1.0337,0.012628,0.10051
0.66582,0.36424,0.04092,0.14142
0.51824,1.7793,0.034572,0.68085
2.474,1.0625,0.076684,0.43046
2.0665,0.95844,0.049926,0.90854
2.7894,1.5069,0.051573,0.52777
0.15194,1.6779,0.021962,0.9332
2.7046,1.8576,0.076127,0.053019
2.8488,0.25765,0.015894,1.4261
0.95921,1.3932,0.057463,0.12452
2.5593,1.6315,0.038391,0.047605
2.4957,0.58206,0.029092,1.3045
2.4866,0.43466,0.06205,0.27599
1.5624,1.956,0.054692,0.92767
0.15721,1.4616,0.055707,0.079234
2.2238,1.203,0.045819,0.69005
3.1162,0.81441,0.029581,1.4004
1.0862,0.41095,0.02761,0.73857
1.9281,0.97419,0.054608,0.10281
1.2914,0.87925,0.057454,0.26569
-0.010995,0.19074,0.044357,1.1995
2.9838,1.3099,0.072293,0.32493
1.5025,1.1319,0.057764,0.77195
0.33255,0.212,0.037722,0.20968
0.29315,1.9863,0.019363,1.254
1.9684,1.3214,0.072573,0.13644
-0.097568,0.15556,0.034106,0.28951
0.711,0.39565,0.031647,0.50082
0.57384,1.3498,0.072325,0.5579
1.8203,0.43782,0.043458,0.97835
1.1515,1.599,0.031012,1.0635
2.3655,1.2951,0.019879,0.79654
2.4713,0.18206,0.068264,1.529
1.6196,1.1942,0.048616,1.0555
0.85112,0.42509,0.064827,1.4203
2.1397,0.71893,0.063202,1.1403
1.4705,1.3637,0.022802,0.46373
1.344,0.16503,0.068132,1.1976
2.8649,1.5401,0.024113,0.29778
2.1475,0.8917,0.045114,0.80331
0.27955,1.0083,0.055315,1.4804
3.0148,1.7736,0.067747,1.1188
0.30674,0.16704,0.076835,1.08
1.2216,1.6728,0.013037,0.62941
2.1615,1.409,0.0069378,0.94966
2.7845,0.69993,0.027411,1.2772
1.9649,1.9316,0.02683,1.1482
1.6673,0.19159,0.071479,0.74708
0.83251,0.658,0.012789,1.0643
2.0978,1.7937,0.030479,0.50437
1.6617,0.1784,0.054651,0.64817
2.5727,0.71197,0.051222,0.45908
1.7782,0.95147,0.053514,1.3898
2.253,1.738,0.028079,1.1532
1.3022,1.3268,0.0067438,1.2214
2.4858,0.16085,0.076131,0.46203
2.4559,0.38002,0.043206,0.96579
0.46114,1.7736,0.032949,0.017048
2.6779,0.21552,0.073162,0.42374
1.137,1.5898,0.07711,0.90462
2.8619,0.90677,0.064094,0.81709
2.8843,1.679,0.035386,0.15252
2.2718,0.2113,0.0051874,1.0934
0.51667,1.9095,0.058042,1.1745
1.8451,0.28217,0.058694,0.19777
2.9097,1.6843,0.015389,1.4481
3.0312,1.0513,0.038542,1.0367
2.1243,1.2651,0.050909,1.2987
0.29083,0.59822,0.07968,0.67535
1.2019,1.8812,0.020843,0.91736
2.1648,1.0873,0.04009,0.21549
2.1044,0.98464,0.0072358,-0.073781
2.6618,0.35634,0.033368,1.4305
1.1164,1.0293,0.010568,0.5917
0.96461,1.6085,0.012988,1.1053
2.3455,1.1399,0.048677,0.55338
1.5208,1.8958,0.026715,-0.042941
2.8722,2.0014,0.009606,1.0602
2.5122,0.27949,0.054697,0.81788
0.85986,1.6198,0.047194,1.0347
0.60866,0.27946,0.033227,1.041
2.2768,0.20695,0.06704,1.1359
0.13865,0.38067,0.0071195,0.20663
2.3192,1.7015,0.027559,0.78172
3.1045,1.2981,0.010209,1.0321
2.1425,1.4235,0.058147,1.4388
1.8607,0.78329,0.020182,0.030608
0.85496,1.3158,0.068174,0.39765
1.034,0.81685,0.058989,0.84663
2.7078,0.47098,0.01278,0.18301
1.9933,0.8907,0.0051536,1.2901
1.0866,1.4875,0.028952,1.315
2.1768,0.29017,0.011788,0.79463
1.6441,0.47115,0.024151,0.29006
0.51645,0.97531,0.02765,0.044741
0.74169,1.8977,0.061233,0.78419
2.9311,1.8559,0.041089,1.0417
1.5968,1.202,0.0030676,0.8344
2.1001,0.56728,0.036361,1.5205
0.91007,0.3037,0.036074,0.074347
0.36003,1.956,0.052613,0.10763
0.47088,1.8169,0.000015861,0.099052
2.8712,1.0081,0.0090715,1.0754
2.9651,1.7054,0.06046,0.74015
2.2967,1.9415,0.058705,1.1139
1.5557,0.20548,0.068569,0.96185
0.063087,0.22763,0.068311,0.47658
2.386,1.1528,0.014862,0.30308
3.1646,1.7682,0.059822,0.12642
2.9224,0.21583,0.044018,0.71804
2.2971,1.619,0.028234,1.1267
0.090045,1.9721,0.0014421,0.33652
0.4027,0.28691,0.034148,0.32217
1.5256,1.6641,0.053327,0.083782
2.4418,0.88057,0.073115,1.0707
1.0772,0.18452,0.010494,1.3176
1.9856,1.7653,0.022405,1.2603
2.6412,0.41155,0.014258,1.5143
2.1635,1.5955,0.022373,0.47474
0.53503,1.413,0.037289,0.099671
1.5657,0.58572,0.073211,0.083211
2.5044,1.4063,0.030549,0.73859
-0.076374,0.36836,0.0055084,0.39858
2.791,0.97868,0.06751,0.12843
0.42029,1.1772,0.065601,1.2018
1.703,1.0169,0.059877,0.2381
1.9832,1.3119,0.029522,1.541
1.2016,0.37885,0.046157,1.3309
0.80796,0.18902,0.051757,1.1599
1.5043,0.27142,0.024265,0.87197
0.75758,1.7479,0.057845,1.3448
2.9228,1.7709,0.0023514,1.2387
0.29582,1.517,0.063819,1.2871
0.35901,1.1758,0.00059139,0.85192
3.1236,0.82551,0.013923,0.25365
2.7076,0.5621,0.072981,0.39082
0.23344,1.1794,0.061572,1.5257
0.2243,0.28802,0.022638,1.3884
2.963,1.9383,0.014498,0.82916
1.8783,0.9022,0.079888,0.10801
2.2623,0.51937,0.037394,0.97495
1.302,0.21635,0.052384,1.3336
2.8379,0.62117,0.018752,1.408
0.78085,0.26715,0.061486,0.93359
1.1398,1.7491,0.029322,1.3215
1.2052,1.9759,0.04408,1.1333
0.14199,1.2245,0.030163,1.0162
0.47386,1.0658,0.03453,1.5654
0.20616,2.0136,0.042706,1.2912
2.4734,1.1505,0.041984,0.14748
2.1913,1.1346,0.052519,0.18125
0.33261,0.16153,0.036652,1.2303
2.6592,0.72243,0.053945,0.12704
1.2093,0.97585,0.0055385,0.2453
2.0825,0.61075,0.015726,1.4059
1.2942,1.084,0.07275,1.3288
2.1825,1.7814,0.06368,1.4511
1.7028,0.30544,0.037289,1.272
0.57237,0.89856,0.0010956,0.61984
0.1875,0.60359,0.043712,0.49663
0.0025886,0.28957,0.0056936,0.75541
2.3748,1.5726,0.075756,1.0631
2.5805,0.18265,0.026173,0.28876
3.0951,1.3336,0.016773,0.82941
2.0636,0.47399,0.066046,1.0085
2.222,0.56673,0.001182,1.3344
2.5667,0.30636,0.060238,1.1207
1.2207,0.34516,0.012948,1.3495
2.2959,0.50057,0.072161,0.65933
2.7758,1.2724,0.056405,1.4869
2.9806,0.89508,0.0086894,0.6717
2.8124,0.22238,0.061508,0.57749
1.7632,0.80358,0.067363,0.2798
2.4361,0.24892,0.02097,0.69494
2.0267,1.7971,0.037298,0.23696
1.2441,1.9267,0.045579,0.67453
1.2159,1.1287,0.069757,0.48985
0.80805,1.6711,0.029444,1.2978
2.9095,0.57511,0.075835,1.4061
1.705,0.27022,0.042606,0.9922
2.8419,0.32341,0.078929,1.253
2.0046,1.9856,0.063169,0.87132
2.4692,1.6029,0.015861,1.1749
0.61122,1.9146,0.032038,1.0142
0.44009,0.77507,0.056457,0.41186
2.4734,1.3857,0.067994,0.93127
1.6759,1.8594,0.015764,0.43204
0.80985,0.47552,0.068158,1.4877
0.64625,1.3246,0.039332,0.64351
0.89093,0.24834,0.0070781,0.97964
1.8554,1.8839,0.041025,0.52797
1.6335,0.76213,0.057413,0.99519
0.68179,1.4372,0.0049086,0.51675
2.9801,1.6992,0.06234,0.368
0.35995,1.8395,0.053599,1.2966
0.93586,1.3313,0.02057,1.4635
1.8083,1.4903,0.0053186,1.2346
2.4815,0.17648,0.065243,0.34347
0.28027,1.6815,0.040559,0.54181
1.5125,0.98814,0.030589,0.49478
2.874,0.64956,0.047947,0.71325
2.7199,0.82875,0.0651,0.91376
-0.13882,0.16437,0.014892,0.62544
2.6114,0.31353,0.019383,0.83515
2.3495,1.896,0.0095297,0.20682
2.1329,0.1846,0.016267,0.43832
1.769,1.2409,0.060504,0.34365
2.9281,0.81101,0.030958,0.94744
1.6718,0.23444,0.032553,0.30027
2.667,0.26362,0.057517,0.76041
2.4005,1.5502,0.047818,0.38011
3.0838,1.0761,0.05331,1.2566
2.5334,0.16543,0.046481,0.48166
2.74,0.1919,0.012394,0.8714
1.1127,1.9843,0.049827,0.42243
1.7741,0.76678,0.0079416,0.83662
0.76591,0.28378,0.014609,1.3801
2.9761,2.0203,0.004522,0.41325
3.0748,1.088,0.0043379,0.60464
1.9436,1.1476,0.018249,1.1924
1.5762,0.85579,0.020793,1.0737
0.30558,1.8334,0.059032,0.50791
2.5043,0.35737,0.013071,0.54224
1.308,0.22757,0.023468,0.99913
0.58955,0.22576,0.060018,0.34831
1.6169,1.9096,0.015853,0.59566
1.2732,0.30009,0.0043857,0.78961
2.9817,1.9856,0.005583,1.1673
1.8801,1.8251,0.058579,0.28917
0.30137,1.5058,0.071453,0.90792
3.008,0.69817,0.028937,0.44117
0.53167,1.6011,0.042442,0.32957
1.5008,0.54173,0.041218,1.2754
-0.011443,0.13598,0.079153,0.8615
1.6616,1.8993,0.040256,1.624
0.51362,1.6122,0.044703,0.091516
0.91736,0.29518,0.029472,1.4397
1.3845,1.6248,0.015092,0.32066
2.4458,1.5333,0.02955,1.2244
0.57286,0.25151,0.04634,0.41783
1.1672,0.2959,0.066862,0.1353
0.91441,1.8501,0.05271,0.62935
2.3946,1.8532,0.022882,1.1164
0.4672,0.49924,0.076404,0.55687
-0.018691,1.609,0.060375,1.4686
2.8285,1.6587,0.045932,0.88314
2.1756,0.83606,0.023315,0.66745
1.4072,0.36962,0.025623,0.18843
1.4009,0.40373,0.043076,1.4978
1.1819,1.6003,0.0037344,0.25527
1.7291,1.8821,0.030844,1.34
2.0278,1.7437,0.00092513,0.24082
2.5763,1.556,0.06035,1.0343
2.0631,1.8376,0.02762,0.62737
2.8378,0.20588,0.042569,1.5294
2.826,2.0102,0.059774,1.05
2.626,0.26758,0.03819,0.11906
2.0458,1.9012,0.034021,1.0138
1.285,0.37019,0.001094,0.10233
1.311,1.6974,0.058147,0.44812
0.84593,1.6473,0.0023219,0.97631
1.9032,0.18907,0.040535,0.38512
2.8207,0.17696,0.025207,1.428
2.324,0.90264,0.014319,0.1927
2.9094,0.23896,0.066168,0.99248
2.4911,1.7518,0.020264,1.0426
3.0049,1.463,0.050853,1.4866
0.028159,1.535,0.037897,0.96064
1.8578,1.5353,0.079737,0.25289
0.30238,0.2829,0.030566,0.19726
0.66959,0.18174,0.073681,0.68133
1.0173,0.71976,0.046337,1.5242
0.44217,0.27551,0.003529,0.12391
1.4066,0.37256,0.073383,0.27379
1.4654,0.663,0.018633,1.2375
0.97546,0.3689,0.044675,0.30923
0.97964,1.9804,0.0023336,1.0529
2.4177,0.37821,0.07794,1.3529
2.2395,0.19836,0.038349,1.41
0.44041,0.61841,0.079783,1.157
3.0025,0.16491,0.071274,1.4605
0.39811,0.59664,0.056498,0.42991
1.7237,1.6338,0.0013299,0.12198
1.5295,1.5297,0.057711,0.2553
0.46374,0.95846,0.003533,0.13279
2.0826,1.2315,0.05112,0.36153
1.3831,0.27197,0.055468,0.75068
0.23101,1.8445,0.045948,0.084811
2.8002,1.7571,0.056783,0.010018
0.98128,1.8493,0.025045,0.32868
0.49255,1.7746,0.0011064,1.3423
2.7859,0.44728,0.063535,0.13623
1.7578,0.60007,0.045141,0.4737
1.6981,0.71181,0.053282,0.86317
0.77254,0.38716,0.039218,0.99631
2.768,0.84603,0.0029743,0.14061
2.9007,0.88403,0.068112,1.4441
3.0974,0.29647,0.078444,0.40981
0.64791,1.0426,0.029897,0.28791
2.1996,1.9238,0.047275,0.90684
1.384,0.46192,0.0049133,1.4157
0.27119,1.3955,0.0086077,0.92052
2.3401,0.19543,0.034439,1.4159
2.4652,0.28852,0.034957,0.75458
0.80103,0.59144,0.035844,1.3822
2.1711,0.25993,0.028409,1.2199
0.20591,1.5102,0.07362,0.70727
1.9032,0.16155,0.065953,1.0234
1.1969,1.1007,0.074615,0.47244
2.3922,1.8624,0.0098614,0.9028
2.9172,0.685,0.0019012,0.79133
0.18589,1.1052,0.045749,1.093
2.3536,1.8444,0.045241,1.2082
0.34067,0.18355,0.055883,0.71425
0.6985,0.70199,0.011725,0.49791
2.5167,0.1554,0.022698,0.46895
3.0489,1.5424,0.0763,1.3507
0.10118,1.9614,0.029794,0.38068
0.57615,0.22011,0.054725,0.34285
2.4392,1.4028,0.058789,0.93094
1.1166,0.2254,0.01806,0.16326
2.2618,1.9761,0.019604,1.4398
0.79694,1.1526,0.0048201,0.38481
0.62607,0.21756,0.079441,0.36529
0.92306,0.27714,0.02891,0.072412
0.11622,1.3819,0.065383,-0.025181
0.49461,1.9781,0.071473,1.0171
0.73275,1.6435,0.076052,1.1088
0.34364,0.16938,0.0022137,0.70308
1.3629,1.6957,0.052039,0.30734
0.14137,1.5143,0.0105,0.68263
2.3942,0.2299,0.05155,0.19375
1.6115,1.5697,0.00059216,1.1985
1.5507,1.2348,0.024562,1.1124
1.0726,1.9135,0.0062989,0.73443
1.4962,1.7295,0.011626,1.5665
2.5127,1.2912,0.071054,0.040487
2.5842,1.2122,0.033168,0.24556
0.80947,0.35284,0.03976,0.95583
2.9021,1.9244,0.064802,0.95773
2.0284,0.19644,0.059616,1.5012
0.21095,1.9332,0.058622,0.7658
0.59775,1.8422,0.039735,0.033043
1.409,1.914,0.0066924,1.4648
2.6606,1.4,0.005151,0.67169
1.0092,0.42011,0.076894,0.81336
1.1597,1.4507,0.013075,1.1815
1.0604,1.3847,0.019476,0.042193
0.47805,1.6828,0.020986,0.91889
1.8579,0.63064,0.067479,0.53108
1.8963,1.4829,0.044438,0.45345
2.7666,0.5912,0.05169,1.4374
1.3547,0.34602,0.041438,1.5229
1.5487,0.78297,0.04375,1.2443
1.1816,1.4215,0.048665,0.1926
0.37491,1.3826,0.028735,0.92395
0.50292,0.77095,0.011349,0.17255
3.0961,1.1137,0.002315,0.48095
2.8586,0.75382,0.013317,0.64394
1.1766,1.0399,0.065372,1.306
1.8795,0.63378,0.042209,0.68321
2.1224,0.26266,0.042911,0.28008
0.12982,1.9369,0.026895,1.3115
0.67698,1.7331,0.035442,0.27894
1.1384,0.23162,0.0063034,0.30516
1.0965,0.1792,0.014717,1.1274
0.31308,1.3952,0.0005603,1.0578
0.16852,0.98053,0.057423,0.37215
1.3783,1.0852,0.048385,1.2091
1.1182,0.21224,0.042493,0.38839
1.8393,0.49944,0.0546,1.5251
2.9293,1.9418,0.010064,0.33692
3.02,1.7228,0.016546,1.2701
1.995,1.8409,0.030024,0.41454
1.6422,1.5499,0.012853,1.0199
1.9399,0.68982,0.061712,0.64355
1.6873,0.24393,0.039503,0.064881
0.46265,1.978,0.0067965,0.53762
2.9688,0.20494,0.024199,1.0052
2.3058,1.4322,0.04185,1.3994
0.27851,1.9849,0.0084005,0.64036
2.7674,0.18597,0.072575,1.0635
0.68731,0.21991,0.015526,0.90256
0.61998,1.5819,0.021004,0.73697
0.49661,0.25069,0.0751,0.48859
2.4014,0.37571,0.022516,0.53287
0.52801,0.48766,0.055971,0.098186
2.0687,0.72499,0.030007,1.5568
2.2408,1.5102,0.019893,0.85316
1.7809,1.8611,0.017164,0.15502
0.77019,0.98163,0.073514,1.3534
2.774,0.19596,0.022488,0.72597
0.17323,1.1758,0.061973,0.25694
0.52329,0.50862,0.02695,1.4682
2.9967,0.31225,0.019199,0.31931
0.56419,1.9623,0.02477,1.4465
0.83813,1.718,0.042632,1.2329
1.0073,0.22438,0.049354,0.45927
1.914,1.3597,0.0054835,0.23614
2.7622,0.69917,0.052297,0.84693
0.16903,1.9917,0.00080488,1.392
1.7378,0.50153,0.063032,0.26042
2.8237,2.0244,0.0423,0.19095
0.50196,0.38447,0.049808,1.2837
0.21394,1.3422,0.053445,1.0076
0.014664,0.15389,0.0431,0.45223
0.37966,1.9497,0.0089598,0.79938
0.22824,0.33282,0.062135,1.4712
0.60605,0.22475,0.033627,1.5058
0.20713,1.6211,0.023367,0.32448
0.38188,1.542,0.026917,0.37864
3.0488,0.23418,0.030734,0.76634
2.7412,0.19329,0.042797,0.89287
1.9841,0.27392,0.014029,0.76456
0.23685,1.8018,0.024514,0.55764
2.0656,0.70954,0.077372,0.075644
1.7138,0.81484,0.026847,1.4067
-0.04833,0.25079,0.011017,0.61303
1.1407,0.39455,0.073685,0.77864
1.8863,1.476,0.039233,1.2995
0.64435,0.4539,0.042799,0.28337
1.5528,0.30856,0.018031,0.77567
0.89353,0.18909,0.041201,0.74208
0.42436,0.79401,0.022534,0.35858
1.1888,0.40044,0.038771,0.32364
1.0579,1.6075,0.010016,1.1384
1.738,1.9902,0.051974,1.2206
1.2341,0.23473,0.018482,0.17605
2.0547,1.0589,0.063768,0.59745
2.7178,0.56883,0.055734,0.67698
0.20682,0.33814,0.067148,0.91806
0.51412,1.6993,0.00060108,0.76879
0.79713,0.68214,0.031333,1.584
1.61,0.40738,0.054797,0.74937
0.44839,0.93788,0.015534,1.3623
0.96818,1.7046,0.03599,0.56541
0.8729,0.30329,0.053373,0.4038
1.6923,0.52074,0.045834,0.10147
0.22695,1.3319,0.032798,0.83701
0.60922,1.2749,0.04302,0.14332
2.2794,0.32248,0.011356,1.4801
2.168,1.7483,0.071982,0.5985
0.28972,1.3284,0.038639,1.5038
1.8214,1.8717,0.013667,0.25982
1.5669,0.56434,0.0042759,1.331
2.9221,0.99237,0.019593,1.0598
-0.045828,0.18944,0.022905,0.76565
0.56942,1.3198,0.026668,0.89461
2.6073,1.9022,0.053902,0.73391
2.6829,0.42455,0.00046471,1.2287
2.8893,2.0196,0.048624,0.84338
1.2577,0.1656,0.0031549,1.5596
2.1025,0.44521,0.029503,1.2844
1.9961,2.0017,0.04407,1.2307
1.7724,0.58451,0.01058,1.2193
3.0505,0.33781,0.068186,0.49742
2.3651,1.7711,0.074311,0.58003
0.91279,1.0059,0.022535,0.96071
0.78229,1.5953,0.076026,0.56483
0.2281,0.25991,0.022115,0.30167
1.9931,0.34357,0.02689,0.37244
1.5204,0.81603,0.00071512,0.4615
1.0644,0.37252,0.06822,0.79178
1.1846,1.8016,0.025571,0.13491
1.9709,1.4323,0.011426,1.5466
1.0609,0.18448,0.046736,1.2119
0.07388,0.22484,0.039045,1.185
2.3085,0.16213,0.010679,0.61717
0.47898,1.2927,0.062091,1.0262
1.7023,1.2615,0.032288,0.91894
0.48613,0.4034,0.051968,0.76979
2.6116,1.9589,0.025659,0.83841
2.5049,1.3105,0.065222,1.0396
0.025411,1.8703,0.056955,0.59527
3.0238,1.9406,0.056345,0.49436
3.0297,0.25502,0.033346,0.34446
0.75726,0.42903,0.070681,0.38359
2.8059,0.49557,0.037141,1.5133
2.9821,0.88476,0.056563,1.2144
1.7484,0.14639,0.022625,1.1954
2.5074,1.6882,0.027335,1.294
1.2761,0.1986,0.056001,1.317
1.9375,2.0025,0.070183,0.1374
0.72197,1.132,0.044056,0.08378
1.5952,0.89239,0.075251,0.87973
1.9213,0.79817,0.016237,1.1577
0.30044,1.3204,0.040761,1.4974
0.67056,0.3339,0.077436,1.4856
1.5078,1.3664,0.064689,0.18973
2.9084,0.42018,0.052186,1.0185
1.403,0.88964,0.032111,0.31745
1.8955,0.98445,0.065816,0.67018
1.6032,1.4051,0.018051,0.28977
2.0603,1.3633,0.048538,1.0344
2.5063,1.1139,0.060348,1.0962
1.2856,1.9043,0.056854,0.46211
0.89478,0.43872,0.0078698,1.2493
0.32175,0.29135,0.05019,1.2055
0.020014,0.15018,0.064484,0.87893
0.64565,1.1903,0.052773,1.0371
1.4244,0.25587,0.035734,0.44844
1.7098,1.596,0.057844,1.3406
1.4957,0.96398,0.04952,1.105
1.0324,0.70225,0.0064781,0.52778
0.91946,1.0694,0.02253,0.060881
0.4924,1.5404,0.021248,1.0572
2.7225,0.23295,0.0309,1.0307
0.13561,0.66767,0.03888,0.20893
0.33655,1.1451,0.045606,1.33
0.077791,0.15542,0.071143,1.5248
2.8168,1.2249,0.064038,1.0186
1.381,0.54528,0.060888,0.91969
0.11777,1.3265,0.065142,0.084406
2.9948,0.33894,0.027657,0.86356
0.16167,0.20543,0.066441,0.28826
2.7761,1.8273,0.048093,0.75423
0.41703,0.43298,0.036522,0.15164
0.78947,1.2509,0.059089,0.88098
2.2275,0.2148,0.034979,1.5257
3.0338,1.0545,0.029882,0.038253
2.0451,1.1861,0.0058738,0.21723
0.69628,1.9981,0.0032127,0.6197
2.0085,0.20079,0.01699,0.22329
3.0288,0.80157,0.075877,1.2098
0.33688,0.63171,0.029088,0.6411
2.0164,1.4415,0.0246,1.1411
0.098944,1.1443,0.076584,0.55576
2.1285,1.9809,0.063596,0.063617
1.8038,1.4615,0.049487,1.3833
1.1891,0.49856,0.033708,1.4825
3.0101,0.65869,0.07947,0.8141
0.24072,1.2767,0.047096,1.4889
1.1922,0.42406,0.075354,1.1497
0.55641,1.2437,0.013262,1.2752
0.81029,0.85502,0.062962,0.7935
2.7461,1.791,0.07422,0.93697
0.67899,0.37113,0.036519,0.91841
1.5213,1.1619,0.045542,0.90235
2.1167,0.21326,0.050534,0.16029
2.6527,0.84917,0.0065865,1.362
2.8922,0.22495,0.011692,0.80597
2.1229,1.6342,0.033372,0.60486
1.9844,0.32517,0.022532,0.97456
1.7111,0.4328,0.053013,1.4292
2.7822,0.43655,0.029351,0.26983
1.9971,1.3915,0.02005,0.082297
0.82779,1.4503,0.010663,1.0103
2.912,1.2313,0.04373,0.87071
0.94602,1.6638,0.032894,0.26687
1.3119,0.81091,0.078103,0.29637
1.7585,1.1915,0.078672,1.1051
1.6365,0.22962,0.0035159,0.5938
0.99909,1.9626,0.026225,1.0807
1.078,1.321,0.006368,0.27633
2.347,1.3076,0.039512,0.091991
1.5113,0.89342,0.038055,0.16118
2.3762,1.3824,0.054961,0.45201
0.18396,0.89865,0.0097266,0.29188
3.0948,1.3324,0.050929,0.030466
1.7988,1.0262,0.05915,0.16773
1.2715,1.6082,0.018916,0.12465
1.869,0.19637,0.065276,0.59344
1.8703,1.4858,0.022322,0.042584
1.0629,1.0114,0.043328,0.43935
1.4244,1.857,0.055373,1.4939
0.72083,0.70808,0.057461,1.0579
2.1047,0.4327,0.024997,1.3878
1.0972,0.25916,0.07352,0.19875
2.3072,0.59026,0.064438,1.3467
0.64815,0.50476,0.039682,0.16628
0.38361,0.75022,0.048663,1.416
0.58351,0.1733,0.077204,0.93168
2.9423,1.179,0.052035,1.0991
1.5679,0.81044,0.019071,0.20362
2.354,1.9833,0.021452,1.032
1.1478,1.2914,0.0049637,0.65249
2.8542,1.969,0.052157,0.70558
2.9649,0.44895,0.07808,0.69022
0.41487,0.60612,0.028427,0.096831
0.34507,0.28187,0.038663,0.52776
0.48621,0.34315,0.013491,0.86924
2.0789,0.81141,0.073461,1.3173
0.1887,1.0794,0.060042,1.5243
1.3269,0.32024,0.036609,0.72016
1.9687,0.8832,0.0078211,1.2295
0.7896,0.67729,0.067322,0.61676
3.0622,0.80233,0.05214,0.35327
0.6495,0.89068,0.00071756,0.33314
0.85184,1.7113,0.073405,1.4064
0.96616,0.42255,0.054682,1.312
2.4333,0.49904,0.02202,0.51911
2.2544,0.39063,0.00089481,0.79718
2.58,1.2724,0.0055167,1.2563
2.9771,1.8221,0.028018,0.62197
1.4387,1.4618,0.034572,0.68661
1.5187,0.2778,0.037523,1.5701
1.3117,0.88778,0.062484,0.45212
0.81638,1.732,0.06932,1.1534
2.3516,0.20909,0.024221,1.0561
3.008,0.93621,0.015901,0.35476
2.7906,1.5333,0.015073,1.4082
2.7951,0.55963,0.079551,1.3852
3.054,0.51528,0.050623,0.26106
2.7738,0.62263,0.07538,1.0912
1.2692,0.208,0.053598,0.85537
2.9499,1.938,0.036104,0.6387
2.8583,0.30525,0.028919,0.15529
1.0233,0.21953,0.076608,0.23039
2.9549,0.72696,0.071609,0.62941
0.28684,0.9651,0.013939,0.8192
1.1915,1.4596,0.037854,0.5961
1.8257,1.6075,0.053405,0.25604
0.76345,1.2206,0.032586,1.4227
1.8023,1.1912,0.054828,1.0788
1.6469,1.2763,0.06579,0.58432
2.818,0.18188,0.070282,1.5514
2.9721,1.1716,0.069873,1.1977
1.1377,1.286,0.029371,0.81977
1.3778,1.0366,0.076676,0.23385
2.5873,0.65394,0.030567,0.48077
1.4191,1.9008,0.075822,0.43766
1.6639,0.87885,0.072936,1.0822
2.3293,0.35438,0.077357,1.0296
0.98303,1.4569,0.054641,0.55656
1.4245,1.1184,0.057932,0.09578
3.0147,1.829,0.043408,0.58029
1.0617,0.17629,0.067978,1.4075
1.0961,0.87668,0.075719,0.58127
0.58,1.2024,0.062165,1.1083
0.48496,1.7987,0.062805,0.64852
2.2174,0.19892,0.079803,1.0519
0.17727,0.99908,0.049025,1.4157
0.22818,0.42462,0.046463,0.25249
1.4209,0.18063,0.027222,0.81464
0.68138,0.2259,0.016516,0.072967
1.2455,0.36972,0.01545,0.29731
0.80932,1.3779,0.042516,1.0801
2.0527,1.1381,0.014853,0.38262
1.4852,0.97795,0.032423,1.0379
0.17417,1.9833,0.061362,0.70056
2.9317,0.86872,0.030443,0.51163
2.6501,1.4042,0.045425,0.3209
0.75236,1.3329,0.039007,0.68508
1.3314,0.56011,0.039978,1.4566
2.7268,1.6321,0.051168,1.0766
0.81362,1.6582,0.022374,0.43817
0.62578,1.2103,0.011501,0.84403
2.5812,0.16617,0.0038309,0.12676
2.002,1.9836,0.033617,1.2946
0.76043,0.8308,0.033994,0.2613
2.2988,0.36167,0.0024223,1.0085
2.6227,0.20298,0.048545,1.4129
1.8051,0.14279,0.045447,1.2148
2.1935,0.94722,0.048848,0.28125
1.4072,1.9301,0.014245,0.98266
0.88421,1.9765,0.069972,1.4065
2.1708,0.23563,0.075647,1.0844
1.4317,0.65246,0.034295,1.2339
0.82394,0.17775,0.053708,1.4334
2.0741,0.88857,0.029148,0.80434
2.8371,0.26809,0.053092,0.22473
2.6645,2.0226,0.073498,0.65578
1.0615,1.2998,0.071799,1.3403
0.68058,0.28734,0.017224,0.58606
2.8659,0.19797,0.0026476,1.4609
0.33242,0.56761,0.05076,1.074
0.13785,1.8701,0.0066983,0.68912
2.7585,0.97751,0.0041998,1.4702
2.9234,0.22022,0.013823,0.29992
2.5926,2.0093,0.024982,0.32547
3.0336,1.8054,0.052981,0.87932
1.8437,0.69313,0.076161,0.085993
1.8843,1.2272,0.013477,0.36598
-0.045448,0.2158,0.057203,0.86049
1.8077,1.8099,0.064307,1.4439
0.53652,0.35627,0.065833,0.31669
2.1949,1.2743,0.044759,0.43338
1.936,0.31538,0.073366,0.47433
0.28302,0.1721,0.03605,0.45257
1.9356,1.4258,0.074139,0.59523
2.9713,1.3384,0.020781,0.30652
3.0627,1.1977,0.063138,0.11988
1.0761,0.59999,0.0035072,1.1323
1.8891,1.3751,0.014195,1.5003
1.6402,0.41591,0.069723,1.4846
1.969,1.035,0.072934,1.022
0.14298,1.5299,0.02205,1.2022
0.87278,0.30087,0.041825,0.7123
1.3321,0.20272,0.036473,1.0373
2.9017,1.9538,0.078896,1.3355
0.5683,0.5592,0.011775,0.94237
1.8718,1.5668,0.035517,0.47415
2.2792,1.9105,0.045275,1.3297
1.1273,0.23138,0.014723,1.4609
2.6007,1.2007,0.022318,0.54548
1.7598,0.82093,0.01097,0.24694
2.8242,1.7947,0.019922,0.10698
2.4729,0.19737,0.009935,0.41242
0.78651,0.1882,0.079916,0.57302
2.583,0.4143,0.029844,1.2854
2.0067,0.92389,0.0081527,0.73093
2.1225,1.2748,0.042704,0.9534
3.0787,1.5745,0.037091,0.54894
0.77879,0.17604,0.01675,1.5218
2.7056,0.85142,0.00326,1.2432
1.2053,0.53091,0.054935,0.99015
0.19016,0.24395,0.078298,0.33898
1.0397,1.9625,0.039291,1.6209
0.456,0.50585,0.029484,0.098552
2.3308,1.7777,0.037668,1.0892
2.034,0.84808,0.013253,0.052185
2.886,1.5982,0.025572,0.10197
1.9775,1.8005,0.015235,1.1342
0.58038,1.8838,0.044314,1.3876
0.93514,0.31378,0.021619,0.10771
2.4558,1.1286,0.03666,1.0412
2.179,1.6902,0.014949,0.47932
2.8511,0.64542,0.045891,1.1143
0.12067,1.9989,0.036238,0.34348
2.9273,0.26934,0.066736,0.61953
0.78748,1.222,0.05586,0.22177
0.79151,1.5812,0.016012,0.25159
0.6121,1.0801,0.021478,1.5473
1.8827,0.57967,0.0087325,0.52943
1.5226,1.605,0.018414,0.45093
0.6964,0.17516,0.047255,1.2189
2.5793,1.0714,0.00303,0.17137
0.33542,0.59675,0.028172,0.78004
0.0072494,0.17808,0.079362,0.52435
0.442,1.3605,0.0030939,0.65295
0.28015,0.21902,0.065936,1.289
0.91047,0.25078,0.04747,0.68937
2.53,0.22969,0.053216,1.5718
1.5308,1.1068,0.0040263,0.87541
2.6841,1.99,0.010064,1.2881
0.14051,1.0694,0.029418,0.62185
0.0066084,1.899,0.044548,0.45346
2.0263,0.22738,0.00089928,0.21062
1.7866,1.0183,0.036561,1.5394
0.1288,0.18921,0.035808,0.30185
1.722,1.8948,0.047384,0.37408
0.11689,0.96183,0.054993,0.60469
1.6232,1.8173,0.023299,1.5495
0.9193,0.36401,0.03062,0.43691
3.1206,1.5283,0.008023,0.23005
0.92863,1.0792,0.046861,0.48179
-0.0074066,0.15629,0.044418,0.36809
0.34995,1.3567,0.071165,1.1641
2.6609,1.1788,0.0080233,1.1076
0.79907,0.41195,0.070364,0.78422
2.4435,1.0952,0.019994,1.3679
0.63794,1.7969,0.036405,0.29204
0.67995,0.21325,0.032184,0.79892
1.7293,1.8176,0.034409,1.4782
0.56328,0.94738,0.068222,0.70016
2.0538,1.6857,0.0093501,1.4192
1.1917,1.3217,0.0056501,0.32639
0.54727,0.35486,0.0076903,0.49947
2.1367,1.8735,0.0476,1.5734
1.505,1.4813,0.062865,0.60203
0.91724,0.27018,0.075965,1.1659
1.6488,0.50967,0.069562,1.3312
3.0104,1.6633,0.052804,1.2029
2.0072,0.30876,0.044719,0.086208
2.0419,0.23213,0.074647,1.3913
2.1106,0.41052,0.045897,0.71622
1.5143,1.8799,0.070786,0.73825
2.9012,1.8199,0.030701,1.3492
0.33477,0.54337,0.04534,0.60909
0.30269,1.8003,0.0024569,0.79347
2.1007,1.82,0.070896,1.1751
3.046,1.564,0.044508,0.54756
2.7538,1.9823,0.025028,1.0156
0.42251,0.67588,0.058577,0.81064
2.7575,1.1782,0.07941,1.1575
0.83557,0.69811,0.022968,0.58585
1.0399,1.579,0.017062,0.089868
0.19433,1.7443,0.031229,0.12934
1.147,0.96707,0.044229,0.51401
2.568,1.5432,0.0016413,1.1372
2.255,0.22705,0.049633,1.6522
2.3441,0.38531,0.041104,0.16004
0.76297,1.0467,0.0056186,1.4419
2.6271,0.76118,0.068255,0.95814
2.7383,0.88777,0.071423,0.36178
1.9046,1.4671,0.031077,0.55655
1.4515,1.9519,0.061028,1.101
0.47991,1.0379,0.030856,0.30434
0.96232,0.22909,0.070897,1.0225
1.6603,0.36698,0.043044,1.3959
2.8396,0.77281,0.066759,0.5746
2.1859,1.0435,0.023584,0.21236
1.0191,0.57641,0.05504,0.19206
2.8475,2.0221,0.012213,0.27126
1.8027,1.602,0.039276,0.67382
0.36763,0.36291,0.0637,0.64636
0.43851,1.6756,0.035609,0.95255
2.6094,1.7314,0.041309,0.70174
