0.03868,0.075917,3.2655e-07,0.055545
0.1088,0.20657,7.5563e-07,0.15538
0.071429,0.18043,1.4045e-07,0.14905
0.059376,0.17707,1.3712e-07,0.14827
0.11272,0.14669,4.2483e-08,0.14117
0.11137,0.18058,1.8527e-08,0.15155
0.13071,0.19768,7.0372e-09,0.14314
0.12935,0.22024,4.0861e-06,0.24452
0.14529,0.16998,4.5702e-08,0.27866
0.12863,0.14433,8.3333e-08,0.24415
0.12774,0.20185,6.6985e-08,0.24747
0.12835,0.14221,3.3731e-08,0.19779
0.12762,0.16827,7.4768e-08,0.22025
0.12799,0.17337,4.5999e-07,0.19882
0.12728,0.14216,4.7783e-07,0.20203
0.12769,0.15987,1.8538e-07,0.16238
0.12695,0.13317,3.1912e-06,0.19429
0.12746,0.15214,6.8657e-09,0.14827
0.12677,0.12532,6.8987e-09,0.15321
0.12725,0.12966,8.7412e-09,0.15779
0.12652,0.12411,3.3788e-09,0.16715
0.12683,0.12284,1.7302e-07,0.1445
0.1265,0.12948,3.3788e-09,0.15776
0.12671,0.11529,2.6861e-07,0.13319
0.12619,0.12797,3.3788e-09,0.14609
0.12654,0.124,3.3788e-09,0.12385
0.12606,0.11452,1.8693e-08,0.11497
0.12641,0.17939,4.4047e-06,0.14704
0.12584,0.16454,2.9659e-08,0.13053
0.12617,0.14811,1.4018e-06,0.14296
0.12573,0.13679,3.4842e-07,0.12577
0.12606,0.17727,1.452e-07,0.1394
0.12553,0.13554,2.8608e-06,0.11726
0.12586,0.17247,3.3817e-09,0.13422
0.12542,0.16372,3.5762e-07,0.11875
0.12575,0.13504,3.3788e-09,0.13061
0.12524,0.13241,1.946e-07,0.11268
0.12557,0.14231,3.3788e-09,0.12635
0.12515,0.1315,3.3788e-09,0.11435
0.12547,0.1346,3.3788e-09,0.12356
0.12499,0.12903,3.3788e-09,0.11016
0.1253,0.14362,3.3788e-09,0.12111
0.12491,0.12771,3.3788e-09,0.11022
0.1252,0.13485,3.3788e-09,0.11947
0.12476,0.13192,3.3788e-09,0.10787
0.12505,0.13916,3.3788e-09,0.11725
0.12469,0.13092,3.3788e-09,0.10786
0.12496,0.13689,3.3788e-09,0.11585
0.12456,0.1301,3.3788e-09,0.10613
0.12482,0.1352,3.3788e-09,0.11396
0.12449,0.1284,3.3788e-09,0.10586
0.12473,0.13322,3.3788e-09,0.11276
0.12437,0.12773,3.3788e-09,0.10449
0.1246,0.13174,3.3788e-09,0.11083
0.12431,0.12639,3.3788e-09,0.10408
0.12452,0.12993,3.3788e-09,0.10965
0.1242,0.12579,3.3788e-09,0.10286
0.1244,0.12864,3.3788e-09,0.10763
0.12415,0.12462,3.3788e-09,0.10226
0.12433,0.12707,3.3788e-09,0.10629
0.12405,0.12404,3.3788e-09,0.10096
0.12422,0.12595,3.3788e-09,0.10404
0.124,0.12297,3.3788e-09,0.1002
0.12415,0.12463,3.3788e-09,0.10277
0.12391,0.1224,3.3788e-09,0.099041
0.12405,0.12364,3.3788e-09,0.10121
0.12386,0.12036,3.3788e-09,0.098362
0.12399,0.11751,3.3788e-09,0.099936
0.12378,0.1162,3.3788e-09,0.097279
0.1239,0.11683,3.3788e-09,0.098413
0.12374,0.11495,3.3788e-09,0.096549
0.12384,0.11615,3.3788e-09,0.097189
0.12367,0.11439,3.3788e-09,0.09548
0.12376,0.11568,3.3788e-09,0.095893
0.12363,0.11478,3.3788e-09,0.094736
0.1237,0.12122,3.3788e-09,0.094871
0.12356,0.11408,3.3788e-09,0.093702
0.12363,0.11853,3.3788e-09,0.093793
0.12352,0.11306,3.3788e-09,0.09296
0.12358,0.1163,3.3788e-09,0.092876
0.12346,0.11266,3.3788e-09,0.091956
0.12352,0.11489,3.3788e-09,0.091893
0.12342,0.11205,3.3788e-09,0.091213
0.12347,0.11345,3.3788e-09,0.091302
0.12337,0.11218,3.3788e-09,0.090483
0.12341,0.11267,3.3788e-09,0.090436
0.12333,0.11152,3.3788e-09,0.089744
0.12336,0.11225,3.3788e-09,0.089619
0.12328,0.11126,3.3788e-09,0.089004
0.12331,0.11187,3.3788e-09,0.089229
0.12325,0.11066,3.3788e-09,0.088298
0.12327,0.11141,3.3788e-09,0.088418
0.1232,0.1104,3.3788e-09,0.087594
0.12322,0.11101,3.3788e-09,0.087643
0.12317,0.10986,3.3788e-09,0.086471
0.12318,0.11053,3.3788e-09,0.086792
0.12313,0.1096,3.3788e-09,0.085818
0.12314,0.11012,3.3788e-09,0.086019
0.1231,0.10911,3.3788e-09,0.084804
0.1231,0.10964,3.3788e-09,0.085179
0.12306,0.10885,3.3788e-09,0.0842
0.12306,0.10924,3.3788e-09,0.08444
0.12303,0.10839,3.3788e-09,0.083278
0.12303,0.10877,3.3788e-09,0.083646
0.12299,0.10812,3.3788e-09,0.082726
0.12299,0.10838,3.3788e-09,0.08296
0.12296,0.10769,3.3788e-09,0.081892
0.12297,0.10793,3.3788e-09,0.082227
0.12294,0.10741,3.3788e-09,0.081391
0.12294,0.10755,3.3788e-09,0.0816
0.12291,0.10699,3.3788e-09,0.080641
0.12291,0.10712,3.3788e-09,0.080934
0.12288,0.10671,3.3788e-09,0.08019
0.12289,0.10675,3.3788e-09,0.080367
0.12286,0.1063,3.3788e-09,0.07952
0.12286,0.10634,3.3788e-09,0.079766
0.12283,0.10601,3.3788e-09,0.079115
0.12283,0.10598,3.3788e-09,0.079255
0.12279,0.10561,3.3788e-09,0.078518
0.1228,0.10558,3.3788e-09,0.078716
0.12277,0.10531,3.3788e-09,0.078155
0.12277,0.10534,3.3788e-09,0.078257
0.12273,0.10502,3.3788e-09,0.077625
0.12274,0.10497,3.3788e-09,0.077774
0.12271,0.10471,3.3788e-09,0.077297
0.12271,0.10462,3.3788e-09,0.077363
0.12268,0.10439,3.3788e-09,0.076826
0.12268,0.10442,3.3788e-09,0.076932
0.12266,0.10408,3.3788e-09,0.076529
0.12265,0.10406,3.3788e-09,0.076563
0.12263,0.10376,3.3788e-09,0.076111
0.12262,0.10369,3.3788e-09,0.076178
0.1226,0.10343,3.3788e-09,0.075841
0.12261,0.10353,3.3788e-09,0.075848
0.12258,0.10311,3.3788e-09,0.075468
0.12258,0.10315,3.3788e-09,0.075503
0.12256,0.10278,3.3788e-09,0.075222
0.12256,0.10277,3.3788e-09,0.075207
0.12254,0.10225,3.3788e-09,0.07489
0.12254,0.10233,3.3788e-09,0.074899
0.12252,0.10192,3.3788e-09,0.074664
0.12252,0.10192,3.3788e-09,0.074633
0.1225,0.10158,3.3788e-09,0.074442
0.1225,0.10153,3.3788e-09,0.074389
0.12247,0.10106,3.3788e-09,0.074225
0.12247,0.10108,3.3788e-09,0.074268
0.12245,0.10072,3.3788e-09,0.074028
0.12245,0.10066,3.3788e-09,0.074036
0.12243,0.10036,3.3788e-09,0.073833
0.12243,0.10025,3.3788e-09,0.07382
0.1224,0.099985,3.3788e-09,0.073541
0.1224,0.10003,3.3788e-09,0.073588
0.12238,0.099629,3.3788e-09,0.073367
0.12238,0.099608,3.3788e-09,0.07338
0.12236,0.09926,3.3788e-09,0.073195
0.12236,0.099192,3.3788e-09,0.073187
0.12234,0.098883,3.3788e-09,0.072944
0.12235,0.099016,3.3788e-09,0.07298
0.12233,0.098519,3.3788e-09,0.072789
0.12233,0.098576,3.3788e-09,0.072795
0.12231,0.098145,3.3788e-09,0.072636
0.12231,0.098144,3.3788e-09,0.072624
0.12228,0.097539,3.3788e-09,0.072418
0.12228,0.097651,3.3788e-09,0.072441
0.12226,0.097168,3.3788e-09,0.07228
0.12226,0.097192,3.3788e-09,0.072277
0.12225,0.096788,3.3788e-09,0.072144
0.12224,0.096752,3.3788e-09,0.072126
0.12223,0.096221,3.3788e-09,0.07201
0.12223,0.09626,3.3788e-09,0.072062
0.12221,0.095848,3.3788e-09,0.071886
0.12221,0.095809,3.3788e-09,0.071914
0.12219,0.095469,3.3788e-09,0.071765
0.1222,0.09538,3.3788e-09,0.071776
0.12217,0.095086,3.3788e-09,0.071575
0.12217,0.095157,3.3788e-09,0.071626
0.12215,0.094719,3.3788e-09,0.071464
0.12215,0.094717,3.3788e-09,0.071491
0.12213,0.094346,3.3788e-09,0.071301
0.12213,0.094292,3.3788e-09,0.071346
0.12212,0.093968,3.3788e-09,0.071199
0.12212,0.094122,3.3788e-09,0.071218
0.1221,0.093608,3.3788e-09,0.071054
0.12209,0.093679,3.3788e-09,0.071083
0.12208,0.093241,3.3788e-09,0.070958
0.12208,0.093249,3.3788e-09,0.070965
0.12207,0.092644,3.3788e-09,0.070828
0.12206,0.092763,3.3788e-09,0.07084
0.12205,0.092291,3.3788e-09,0.070738
0.12205,0.092316,3.3788e-09,0.070732
0.12203,0.09176,3.3788e-09,0.070621
0.12204,0.09182,3.3788e-09,0.070619
0.12202,0.091417,3.3788e-09,0.070535
0.12202,0.091378,3.3788e-09,0.070552
0.122,0.090929,3.3788e-09,0.070454
0.122,0.090896,3.3788e-09,0.070453
0.12198,0.090592,3.3788e-09,0.070372
0.12199,0.090609,3.3788e-09,0.070362
0.12197,0.090264,3.3788e-09,0.070291
0.12197,0.09017,3.3788e-09,0.070317
0.12196,0.08993,3.3788e-09,0.070216
0.12195,0.089752,3.3788e-09,0.070228
0.12194,0.089594,3.3788e-09,0.070142
0.12194,0.089504,3.3788e-09,0.070144
0.12192,0.08929,3.3788e-09,0.070031
0.12192,0.089049,3.3788e-09,0.070052
0.12191,0.088989,3.3788e-09,0.069963
0.12191,0.088757,3.3788e-09,0.069969
0.12189,0.088752,3.3788e-09,0.069866
0.1219,0.088122,3.3788e-09,0.069881
0.12188,0.088557,3.3788e-09,0.069801
0.12188,0.087494,3.3788e-09,0.069802
0.12187,0.088393,3.3788e-09,0.069714
0.12187,0.087179,3.3788e-09,0.069718
0.12185,0.088155,3.3788e-09,0.069652
0.12186,0.086911,3.3788e-09,0.069645
0.12184,0.087623,3.3788e-09,0.069572
0.12184,0.086387,3.3788e-09,0.069568
0.12183,0.087268,3.3788e-09,0.069512
0.12183,0.086109,3.3788e-09,0.069519
0.12181,0.086643,3.3788e-09,0.069455
0.12181,0.085819,3.3788e-09,0.069451
0.1218,0.086203,3.3788e-09,0.069397
0.1218,0.085428,3.3788e-09,0.069387
0.12178,0.085688,3.3788e-09,0.069339
0.12178,0.085109,3.3788e-09,0.069352
0.12177,0.0853,3.3788e-09,0.069285
0.12177,0.084687,3.3788e-09,0.069288
0.12175,0.084884,3.3788e-09,0.069231
0.12175,0.084352,3.3788e-09,0.069228
0.12174,0.084549,3.3788e-09,0.069154
0.12174,0.083954,3.3788e-09,0.069162
0.12172,0.084177,3.3788e-09,0.069104
0.12172,0.083605,3.3788e-09,0.069102
0.12171,0.083882,3.3788e-09,0.069053
0.12171,0.083248,3.3788e-09,0.069045
0.1217,0.083531,3.3788e-09,0.069002
0.1217,0.082903,3.3788e-09,0.069017
0.12169,0.083255,3.3788e-09,0.068954
0.12169,0.082606,3.3788e-09,0.06896
0.12168,0.082895,3.3788e-09,0.068906
0.12168,0.082265,3.3788e-09,0.068905
0.12166,0.08263,3.3788e-09,0.068835
0.12166,0.082016,3.3788e-09,0.068846
0.12165,0.082265,3.3788e-09,0.068789
0.12165,0.081675,3.3788e-09,0.068791
0.12164,0.082019,3.3788e-09,0.068743
0.12165,0.081458,3.3788e-09,0.068739
0.12163,0.081668,3.3788e-09,0.068679
0.12163,0.08113,3.3788e-09,0.068682
0.12162,0.081436,3.3788e-09,0.068634
0.12162,0.080932,3.3788e-09,0.068629
0.1216,0.081108,3.3788e-09,0.068589
0.12161,0.080624,3.3788e-09,0.068579
0.12159,0.080886,3.3788e-09,0.068543
0.12159,0.080435,3.3788e-09,0.06855
0.12158,0.080582,3.3788e-09,0.068499
0.12158,0.080147,3.3788e-09,0.068498
0.12157,0.080369,3.3788e-09,0.068454
0.12157,0.079965,3.3788e-09,0.068448
0.12155,0.080087,3.3788e-09,0.068408
0.12155,0.079697,3.3788e-09,0.068423
0.12154,0.079882,3.3788e-09,0.068363
0.12154,0.079521,3.3788e-09,0.068368
0.12153,0.079618,3.3788e-09,0.068317
0.12153,0.07927,3.3788e-09,0.068315
0.12152,0.079421,3.3788e-09,0.068247
0.12152,0.079099,3.3788e-09,0.068253
0.12151,0.079174,3.3788e-09,0.068198
0.12151,0.078864,3.3788e-09,0.068194
0.1215,0.078983,3.3788e-09,0.068146
0.1215,0.078696,3.3788e-09,0.068135
0.12149,0.078752,3.3788e-09,0.06809
0.12149,0.078478,3.3788e-09,0.068095
0.12148,0.078564,3.3788e-09,0.068032
0.12148,0.078311,3.3788e-09,0.068026
0.12147,0.078348,3.3788e-09,0.067968
0.12147,0.078108,3.3788e-09,0.067953
0.12146,0.078164,3.3788e-09,0.067897
0.12146,0.077943,3.3788e-09,0.067902
0.12145,0.077962,3.3788e-09,0.067822
0.12145,0.077754,3.3788e-09,0.067813
0.12144,0.077781,3.3788e-09,0.067738
0.12144,0.077591,3.3788e-09,0.06772
0.12143,0.077591,3.3788e-09,0.067646
0.12143,0.077416,3.3788e-09,0.067654
0.12142,0.077414,3.3788e-09,0.067549
0.12142,0.077256,3.3788e-09,0.067547
0.12141,0.077237,3.3788e-09,0.067444
0.12141,0.077094,3.3788e-09,0.067442
0.12139,0.077062,3.3788e-09,0.067333
0.12139,0.076902,3.3788e-09,0.067376
0.12138,0.076892,3.3788e-09,0.067226
0.12138,0.076721,3.3788e-09,0.067259
0.12137,0.076725,3.3788e-09,0.067112
0.12137,0.076522,3.3788e-09,0.067145
0.12136,0.076565,3.3788e-09,0.066974
0.12136,0.076351,3.3788e-09,0.067003
0.12135,0.0764,3.3788e-09,0.066853
0.12135,0.076204,3.3788e-09,0.066876
0.12135,0.076221,3.3788e-09,0.066714
0.12134,0.07604,3.3788e-09,0.066723
0.12134,0.076059,3.3788e-09,0.06658
0.12134,0.075894,3.3788e-09,0.066587
0.12133,0.075891,3.3788e-09,0.066436
0.12133,0.075741,3.3788e-09,0.066427
0.12132,0.075732,3.3788e-09,0.06629
0.12132,0.075584,3.3788e-09,0.066283
0.12131,0.075574,3.3788e-09,0.066141
0.12131,0.075403,3.3788e-09,0.066147
0.1213,0.075423,3.3788e-09,0.065997
0.1213,0.075239,3.3788e-09,0.065984
0.12129,0.07527,3.3788e-09,0.065852
0.12129,0.075083,3.3788e-09,0.065827
0.12128,0.075117,3.3788e-09,0.065712
0.12128,0.074946,3.3788e-09,0.065698
0.12127,0.074955,3.3788e-09,0.065587
0.12127,0.074799,3.3788e-09,0.065556
0.12126,0.074805,3.3788e-09,0.065469
0.12126,0.074664,3.3788e-09,0.065464
0.12125,0.074653,3.3788e-09,0.065368
0.12125,0.074528,3.3788e-09,0.065366
0.12124,0.074506,3.3788e-09,0.065294
0.12124,0.074386,3.3788e-09,0.065378
0.12123,0.074358,3.3788e-09,0.065261
0.12123,0.074221,3.3788e-09,0.065311
0.12122,0.074213,3.3788e-09,0.065216
0.12122,0.074064,3.3788e-09,0.065242
0.12122,0.074072,3.3788e-09,0.06512
0.12122,0.073893,3.3788e-09,0.065171
0.12121,0.073937,3.3788e-09,0.065076
0.12121,0.073745,3.3788e-09,0.065107
0.1212,0.073796,3.3788e-09,0.064992
0.1212,0.073621,3.3788e-09,0.06504
0.12119,0.073643,3.3788e-09,0.06495
0.12119,0.073482,3.3788e-09,0.06498
0.12118,0.073504,3.3788e-09,0.064875
0.12119,0.073358,3.3788e-09,0.064917
0.12118,0.073359,3.3788e-09,0.064836
0.12118,0.073228,3.3788e-09,0.064861
0.12117,0.073222,3.3788e-09,0.064768
0.12117,0.073107,3.3788e-09,0.064803
0.12116,0.073087,3.3788e-09,0.064731
0.12116,0.072987,3.3788e-09,0.064751
0.12115,0.072953,3.3788e-09,0.064671
0.12115,0.072844,3.3788e-09,0.064697
0.12114,0.072818,3.3788e-09,0.064635
0.12114,0.072704,3.3788e-09,0.064649
0.12113,0.072683,3.3788e-09,0.06458
0.12114,0.072544,3.3788e-09,0.0646
0.12113,0.072555,3.3788e-09,0.064546
0.12113,0.072399,3.3788e-09,0.064555
0.12112,0.072427,3.3788e-09,0.064496
0.12112,0.072264,3.3788e-09,0.064509
0.12111,0.072299,3.3788e-09,0.064464
0.12111,0.07215,3.3788e-09,0.064468
0.1211,0.072162,3.3788e-09,0.064417
0.1211,0.072027,3.3788e-09,0.064425
0.12109,0.072034,3.3788e-09,0.064386
0.12109,0.071914,3.3788e-09,0.064386
0.12108,0.071905,3.3788e-09,0.064343
0.12108,0.0718,3.3788e-09,0.064346
0.12108,0.071781,3.3788e-09,0.064312
0.12108,0.071681,3.3788e-09,0.06431
0.12107,0.071655,3.3788e-09,0.064273
0.12107,0.071543,3.3788e-09,0.064273
0.12106,0.071531,3.3788e-09,0.064243
0.12106,0.071409,3.3788e-09,0.064251
0.12105,0.07141,3.3788e-09,0.064215
0.12105,0.071259,3.3788e-09,0.064216
0.12105,0.071295,3.3788e-09,0.064186
0.12105,0.07113,3.3788e-09,0.064184
0.12104,0.071176,3.3788e-09,0.064149
0.12104,0.071024,3.3788e-09,0.06415
0.12103,0.071045,3.3788e-09,0.064121
0.12104,0.070908,3.3788e-09,0.064118
0.12103,0.070926,3.3788e-09,0.064093
0.12103,0.070802,3.3788e-09,0.064088
0.12102,0.070803,3.3788e-09,0.064065
0.12102,0.070694,3.3788e-09,0.064072
0.12101,0.070686,3.3788e-09,0.06404
0.12101,0.070592,3.3788e-09,0.064041
0.121,0.070572,3.3788e-09,0.064014
0.121,0.070491,3.3788e-09,0.064013
0.12099,0.070458,3.3788e-09,0.063979
0.12099,0.070372,3.3788e-09,0.063982
0.12099,0.070342,3.3788e-09,0.063954
0.12099,0.070254,3.3788e-09,0.063953
0.12098,0.070224,3.3788e-09,0.063929
0.12098,0.070119,3.3788e-09,0.063926
0.12097,0.07011,3.3788e-09,0.063904
0.12097,0.069989,3.3788e-09,0.063913
0.12096,0.070001,3.3788e-09,0.063881
0.12096,0.069848,3.3788e-09,0.063885
0.12096,0.069898,3.3788e-09,0.063857
0.12096,0.069732,3.3788e-09,0.063858
0.12095,0.069788,3.3788e-09,0.063823
0.12095,0.069637,3.3788e-09,0.063829
0.12094,0.069666,3.3788e-09,0.063801
0.12094,0.069528,3.3788e-09,0.063803
0.12094,0.069557,3.3788e-09,0.06377
0.12094,0.069432,3.3788e-09,0.063775
0.12093,0.069442,3.3788e-09,0.063748
0.12093,0.069331,3.3788e-09,0.063749
0.12092,0.069334,3.3788e-09,0.06372
0.12092,0.069237,3.3788e-09,0.063721
0.12092,0.069227,3.3788e-09,0.063698
0.12092,0.069143,3.3788e-09,0.063697
0.12091,0.069123,3.3788e-09,0.063671
0.12091,0.069046,3.3788e-09,0.063671
0.1209,0.069017,3.3788e-09,0.063649
0.1209,0.068933,3.3788e-09,0.063653
0.1209,0.068911,3.3788e-09,0.063629
0.1209,0.068821,3.3788e-09,0.063629
0.12089,0.068805,3.3788e-09,0.063608
0.12089,0.068693,3.3788e-09,0.063606
0.12088,0.068705,3.3788e-09,0.063581
0.12088,0.068575,3.3788e-09,0.063581
0.12088,0.068606,3.3788e-09,0.063561
0.12088,0.068469,3.3788e-09,0.063566
0.12087,0.068506,3.3788e-09,0.063541
0.12087,0.068379,3.3788e-09,0.063542
0.12086,0.068397,3.3788e-09,0.063521
0.12086,0.068284,3.3788e-09,0.06352
0.12086,0.068296,3.3788e-09,0.063496
0.12086,0.068196,3.3788e-09,0.063497
0.12085,0.068194,3.3788e-09,0.063476
0.12085,0.068107,3.3788e-09,0.063475
0.12084,0.068095,3.3788e-09,0.063456
0.12084,0.068015,3.3788e-09,0.063454
0.12084,0.067996,3.3788e-09,0.063436
0.12084,0.067906,3.3788e-09,0.06344
0.12083,0.067898,3.3788e-09,0.063418
0.12083,0.0678,3.3788e-09,0.063419
0.12083,0.067802,3.3788e-09,0.063399
0.12083,0.067681,3.3788e-09,0.063398
0.12082,0.067712,3.3788e-09,0.063375
0.12082,0.067576,3.3788e-09,0.063376
0.12081,0.067618,3.3788e-09,0.063356
0.12081,0.067492,3.3788e-09,0.063356
0.12081,0.067514,3.3788e-09,0.063337
0.12081,0.067402,3.3788e-09,0.063336
0.1208,0.067419,3.3788e-09,0.063319
0.1208,0.067319,3.3788e-09,0.063324
0.12079,0.067322,3.3788e-09,0.063301
0.1208,0.067235,3.3788e-09,0.063303
0.12079,0.067228,3.3788e-09,0.063283
0.12079,0.067155,3.3788e-09,0.063284
0.12078,0.067138,3.3788e-09,0.06326
0.12078,0.067076,3.3788e-09,0.063263
0.12077,0.067048,3.3788e-09,0.063243
0.12078,0.066984,3.3788e-09,0.063243
0.12077,0.066956,3.3788e-09,0.063221
0.12077,0.066892,3.3788e-09,0.063222
0.12076,0.066863,3.3788e-09,0.063204
0.12076,0.066787,3.3788e-09,0.063203
0.12076,0.066769,3.3788e-09,0.063183
0.12076,0.066683,3.3788e-09,0.063183
0.12075,0.066678,3.3788e-09,0.063166
0.12075,0.066566,3.3788e-09,0.063169
0.12074,0.066596,3.3788e-09,0.06315
0.12074,0.066464,3.3788e-09,0.06315
0.12074,0.06651,3.3788e-09,0.063133
0.12074,0.066374,3.3788e-09,0.063132
0.12073,0.066423,3.3788e-09,0.063113
0.12073,0.066298,3.3788e-09,0.063112
0.12073,0.066325,3.3788e-09,0.063096
0.12073,0.066214,3.3788e-09,0.063099
0.12072,0.066238,3.3788e-09,0.06308
0.12072,0.066138,3.3788e-09,0.06308
0.12072,0.066146,3.3788e-09,0.063064
0.12072,0.06606,3.3788e-09,0.063063
0.12071,0.06606,3.3788e-09,0.063044
0.12071,0.065986,3.3788e-09,0.063044
0.1207,0.065975,3.3788e-09,0.063028
0.12071,0.065913,3.3788e-09,0.063031
0.1207,0.065893,3.3788e-09,0.063013
0.1207,0.065837,3.3788e-09,0.063013
0.12069,0.065809,3.3788e-09,0.062997
0.12069,0.065749,3.3788e-09,0.062996
0.12069,0.065724,3.3788e-09,0.062978
0.12069,0.065662,3.3788e-09,0.062978
0.12068,0.065637,3.3788e-09,0.062962
0.12068,0.065563,3.3788e-09,0.062961
0.12067,0.065552,3.3788e-09,0.062946
0.12068,0.065464,3.3788e-09,0.062945
0.12067,0.065471,3.3788e-09,0.06293
0.12067,0.065355,3.3788e-09,0.062933
0.12066,0.065397,3.3788e-09,0.062916
0.12066,0.065265,3.3788e-09,0.062916
0.12066,0.065317,3.3788e-09,0.0629
0.12066,0.065196,3.3788e-09,0.0629
0.12065,0.065226,3.3788e-09,0.062882
0.12065,0.065117,3.3788e-09,0.062883
0.12065,0.065145,3.3788e-09,0.062867
0.12065,0.065047,3.3788e-09,0.062866
0.12064,0.065059,3.3788e-09,0.062852
0.12065,0.064974,3.3788e-09,0.062851
0.12064,0.064979,3.3788e-09,0.062837
0.12064,0.064905,3.3788e-09,0.06284
0.12063,0.064899,3.3788e-09,0.062822
0.12063,0.064837,3.3788e-09,0.062823
0.12063,0.064822,3.3788e-09,0.062808
0.12063,0.064766,3.3788e-09,0.062808
0.12062,0.064744,3.3788e-09,0.06279
0.12062,0.064684,3.3788e-09,0.062791
0.12061,0.064665,3.3788e-09,0.062775
0.12062,0.064601,3.3788e-09,0.062775
0.12061,0.064585,3.3788e-09,0.062758
0.12061,0.064507,3.3788e-09,0.062758
0.1206,0.064507,3.3788e-09,0.062744
0.1206,0.064416,3.3788e-09,0.062743
0.1206,0.064433,3.3788e-09,0.06273
0.1206,0.064332,3.3788e-09,0.062728
0.12059,0.064359,3.3788e-09,0.062715
0.12059,0.064263,3.3788e-09,0.062717
0.12059,0.064278,3.3788e-09,0.062701
0.12059,0.064193,3.3788e-09,0.062702
0.12058,0.064201,3.3788e-09,0.062687
0.12059,0.064128,3.3788e-09,0.062687
0.12058,0.064125,3.3788e-09,0.062671
0.12058,0.064063,3.3788e-09,0.062671
0.12058,0.064051,3.3788e-09,0.062657
0.12057,0.063996,3.3788e-09,0.062656
0.12057,0.063977,3.3788e-09,0.062643
0.12057,0.063916,3.3788e-09,0.062642
0.12057,0.063902,3.3788e-09,0.062629
0.12057,0.063838,3.3788e-09,0.062631
0.12056,0.063827,3.3788e-09,0.062616
0.12056,0.063747,3.3788e-09,0.062616
0.12055,0.063755,3.3788e-09,0.062602
0.12056,0.063662,3.3788e-09,0.062602
0.12055,0.063686,3.3788e-09,0.062586
0.12055,0.063584,3.3788e-09,0.062587
0.12054,0.063615,3.3788e-09,0.062573
0.12054,0.06352,3.3788e-09,0.062572
0.12054,0.063537,3.3788e-09,0.062559
0.12054,0.063453,3.3788e-09,0.062558
0.12053,0.063464,3.3788e-09,0.062546
0.12053,0.063392,3.3788e-09,0.062548
0.12053,0.063391,3.3788e-09,0.062533
0.12053,0.06333,3.3788e-09,0.062534
0.12052,0.063321,3.3788e-09,0.06252
0.12052,0.063265,3.3788e-09,0.06252
0.12052,0.06325,3.3788e-09,0.062504
0.12052,0.063189,3.3788e-09,0.062505
0.12051,0.063179,3.3788e-09,0.062491
0.12052,0.063114,3.3788e-09,0.062491
0.12051,0.063108,3.3788e-09,0.062476
0.12051,0.063027,3.3788e-09,0.062476
0.12051,0.063041,3.3788e-09,0.062464
0.12051,0.062947,3.3788e-09,0.062465
0.1205,0.062975,3.3788e-09,0.062451
0.1205,0.062874,3.3788e-09,0.062451
0.12049,0.062907,3.3788e-09,0.062438
0.12049,0.062814,3.3788e-09,0.062438
0.12049,0.062832,3.3788e-09,0.062424
0.12049,0.062751,3.3788e-09,0.062423
0.12049,0.062763,3.3788e-09,0.062411
0.12049,0.062692,3.3788e-09,0.062413
0.12048,0.062693,3.3788e-09,0.062399
0.12048,0.062633,3.3788e-09,0.062399
0.12048,0.062626,3.3788e-09,0.062386
0.12048,0.062577,3.3788e-09,0.062386
0.12047,0.062562,3.3788e-09,0.062372
0.12047,0.062522,3.3788e-09,0.062372
0.12047,0.062498,3.3788e-09,0.062359
0.12047,0.062458,3.3788e-09,0.062361
0.12046,0.062433,3.3788e-09,0.062347
0.12046,0.062393,3.3788e-09,0.062348
0.12046,0.062366,3.3788e-09,0.062335
0.12046,0.062321,3.3788e-09,0.062335
0.12045,0.062297,3.3788e-09,0.062321
0.12045,0.062249,3.3788e-09,0.062321
0.12045,0.062226,3.3788e-09,0.062309
0.12045,0.062167,3.3788e-09,0.062308
0.12044,0.062157,3.3788e-09,0.062297
0.12044,0.062085,3.3788e-09,0.062296
0.12044,0.062095,3.3788e-09,0.062284
0.12044,0.061993,3.3788e-09,0.062286
0.12043,0.062039,3.3788e-09,0.062272
0.12043,0.061922,3.3788e-09,0.062273
0.12043,0.061976,3.3788e-09,0.06226
0.12043,0.061868,3.3788e-09,0.06226
0.12043,0.061903,3.3788e-09,0.062247
0.12043,0.061805,3.3788e-09,0.062247
0.12042,0.061839,3.3788e-09,0.062235
0.12042,0.061751,3.3788e-09,0.062234
0.12042,0.061769,3.3788e-09,0.062223
0.12042,0.061692,3.3788e-09,0.062222
0.12041,0.061705,3.3788e-09,0.062211
0.12041,0.061638,3.3788e-09,0.062213
0.12041,0.06164,3.3788e-09,0.062199
0.12041,0.061584,3.3788e-09,0.0622
0.1204,0.061578,3.3788e-09,0.062188
0.1204,0.061532,3.3788e-09,0.062188
0.1204,0.061518,3.3788e-09,0.062174
0.1204,0.061481,3.3788e-09,0.062174
0.1204,0.061459,3.3788e-09,0.062163
0.1204,0.061422,3.3788e-09,0.062162
0.12039,0.061399,3.3788e-09,0.06215
0.12039,0.061362,3.3788e-09,0.062149
0.12039,0.061337,3.3788e-09,0.062138
0.12039,0.061296,3.3788e-09,0.062139
0.12038,0.061273,3.3788e-09,0.062127
0.12038,0.061229,3.3788e-09,0.062127
0.12038,0.061207,3.3788e-09,0.062115
0.12038,0.061153,3.3788e-09,0.062115
0.12037,0.061143,3.3788e-09,0.062104
0.12037,0.061077,3.3788e-09,0.062106
0.12037,0.061085,3.3788e-09,0.062093
0.12037,0.060991,3.3788e-09,0.062094
0.12036,0.061034,3.3788e-09,0.062082
0.12036,0.060924,3.3788e-09,0.062082
0.12036,0.060976,3.3788e-09,0.062068
0.12036,0.060875,3.3788e-09,0.062069
0.12036,0.060908,3.3788e-09,0.062057
0.12036,0.060816,3.3788e-09,0.062057
0.12035,0.060848,3.3788e-09,0.062045
0.12035,0.060766,3.3788e-09,0.062044
0.12035,0.060784,3.3788e-09,0.062034
0.12035,0.060712,3.3788e-09,0.062035
0.12034,0.060724,3.3788e-09,0.062023
0.12034,0.060662,3.3788e-09,0.062023
0.12034,0.060664,3.3788e-09,0.062012
0.12034,0.060612,3.3788e-09,0.062011
0.12033,0.060606,3.3788e-09,0.061999
0.12033,0.060564,3.3788e-09,0.061999
0.12033,0.060551,3.3788e-09,0.061988
0.12033,0.060517,3.3788e-09,0.06199
0.12033,0.060497,3.3788e-09,0.061978
0.12033,0.060462,3.3788e-09,0.061978
0.12032,0.060441,3.3788e-09,0.061967
0.12032,0.060407,3.3788e-09,0.061966
0.12032,0.060383,3.3788e-09,0.061955
0.12032,0.060346,3.3788e-09,0.061954
0.12031,0.060324,3.3788e-09,0.061944
0.12031,0.060284,3.3788e-09,0.061945
0.12031,0.060263,3.3788e-09,0.061933
0.12031,0.060214,3.3788e-09,0.061933
0.12031,0.060203,3.3788e-09,0.061922
0.12031,0.060143,3.3788e-09,0.061922
0.1203,0.060148,3.3788e-09,0.06191
0.1203,0.060063,3.3788e-09,0.06191
0.1203,0.060101,3.3788e-09,0.0619
0.1203,0.059998,3.3788e-09,0.061901
0.1203,0.060048,3.3788e-09,0.061889
0.12029,0.059953,3.3788e-09,0.06189
0.12029,0.059984,3.3788e-09,0.061879
0.12029,0.059899,3.3788e-09,0.061878
0.12029,0.059929,3.3788e-09,0.061867
0.12029,0.059852,3.3788e-09,0.061867
0.12028,0.059869,3.3788e-09,0.061856
0.12028,0.059802,3.3788e-09,0.061858
0.12028,0.059814,3.3788e-09,0.061846
0.12028,0.059756,3.3788e-09,0.061846
0.12027,0.059758,3.3788e-09,0.061835
0.12028,0.05971,3.3788e-09,0.061835
0.12027,0.059704,3.3788e-09,0.061824
0.12027,0.059665,3.3788e-09,0.061824
0.12027,0.059654,3.3788e-09,0.061813
0.12027,0.059622,3.3788e-09,0.061815
0.12026,0.059603,3.3788e-09,0.061803
0.12026,0.059572,3.3788e-09,0.061804
0.12026,0.059552,3.3788e-09,0.061793
0.12026,0.059521,3.3788e-09,0.061793
0.12025,0.059498,3.3788e-09,0.061781
0.12026,0.059464,3.3788e-09,0.061781
0.12025,0.059443,3.3788e-09,0.061771
0.12025,0.059408,3.3788e-09,0.061772
0.12025,0.059387,3.3788e-09,0.061761
0.12025,0.059344,3.3788e-09,0.061761
0.12024,0.059331,3.3788e-09,0.061751
0.12024,0.059279,3.3788e-09,0.061751
0.12024,0.059278,3.3788e-09,0.061739
0.12024,0.059204,3.3788e-09,0.061739
0.12024,0.059234,3.3788e-09,0.061729
0.12023,0.05914,3.3788e-09,0.061731
0.12023,0.059186,3.3788e-09,0.061719
0.12023,0.059088,3.3788e-09,0.06172
0.12023,0.059135,3.3788e-09,0.061709
0.12023,0.059046,3.3788e-09,0.061709
0.12022,0.059077,3.3788e-09,0.061698
0.12022,0.058997,3.3788e-09,0.061698
0.12022,0.059026,3.3788e-09,0.061688
0.12022,0.058954,3.3788e-09,0.061689
0.12022,0.05897,3.3788e-09,0.061678
0.12022,0.058908,3.3788e-09,0.061679
0.12021,0.058919,3.3788e-09,0.061668
0.12021,0.058866,3.3788e-09,0.061668
0.12021,0.058867,3.3788e-09,0.061657
0.12021,0.058823,3.3788e-09,0.061657
0.12021,0.058818,3.3788e-09,0.061647
0.12021,0.058783,3.3788e-09,0.061647
0.1202,0.058772,3.3788e-09,0.061636
0.1202,0.058743,3.3788e-09,0.061636
0.1202,0.058725,3.3788e-09,0.061626
0.1202,0.058697,3.3788e-09,0.061627
0.12019,0.058678,3.3788e-09,0.061617
0.12019,0.05865,3.3788e-09,0.061616
0.12019,0.058629,3.3788e-09,0.061607
0.12019,0.058598,3.3788e-09,0.061606
0.12019,0.058578,3.3788e-09,0.061597
0.12019,0.058547,3.3788e-09,0.061598
0.12018,0.058526,3.3788e-09,0.061587
0.12018,0.058488,3.3788e-09,0.061588
0.12018,0.058474,3.3788e-09,0.061578
0.12018,0.058429,3.3788e-09,0.061578
0.12018,0.058425,3.3788e-09,0.061567
0.12018,0.058359,3.3788e-09,0.061567
0.12017,0.058383,3.3788e-09,0.061557
0.12017,0.058298,3.3788e-09,0.061557
0.12017,0.05834,3.3788e-09,0.061547
0.12017,0.058249,3.3788e-09,0.061546
0.12017,0.058294,3.3788e-09,0.061537
0.12017,0.058211,3.3788e-09,0.061537
0.12016,0.05824,3.3788e-09,0.061527
0.12016,0.058166,3.3788e-09,0.061527
0.12016,0.058193,3.3788e-09,0.061518
0.12016,0.058126,3.3788e-09,0.061517
0.12015,0.058142,3.3788e-09,0.061508
0.12015,0.058085,3.3788e-09,0.061509
0.12015,0.058095,3.3788e-09,0.061499
0.12015,0.058046,3.3788e-09,0.061499
0.12015,0.058047,3.3788e-09,0.061489
0.12015,0.058007,3.3788e-09,0.061489
0.12014,0.058002,3.3788e-09,0.061479
0.12014,0.05797,3.3788e-09,0.061479
0.12014,0.057959,3.3788e-09,0.061469
0.12014,0.057933,3.3788e-09,0.061469
0.12014,0.057917,3.3788e-09,0.061459
0.12014,0.057891,3.3788e-09,0.061458
0.12013,0.057874,3.3788e-09,0.06145
0.12013,0.057848,3.3788e-09,0.06145
0.12013,0.057829,3.3788e-09,0.06144
0.12013,0.057801,3.3788e-09,0.06144
0.12013,0.057782,3.3788e-09,0.061431
0.12013,0.057754,3.3788e-09,0.06143
0.12012,0.057734,3.3788e-09,0.061421
0.12012,0.057701,3.3788e-09,0.061423
0.12012,0.057686,3.3788e-09,0.061412
0.12012,0.057647,3.3788e-09,0.061413
0.12012,0.05764,3.3788e-09,0.061403
0.12012,0.057583,3.3788e-09,0.061403
0.12011,0.0576,3.3788e-09,0.061393
0.12011,0.057525,3.3788e-09,0.061393
0.12011,0.057562,3.3788e-09,0.061383
0.12011,0.057478,3.3788e-09,0.061383
0.1201,0.05752,3.3788e-09,0.061373
0.1201,0.057443,3.3788e-09,0.061373
0.1201,0.05747,3.3788e-09,0.061364
0.1201,0.057402,3.3788e-09,0.061365
0.1201,0.057427,3.3788e-09,0.061355
0.1201,0.057366,3.3788e-09,0.061355
0.1201,0.05738,3.3788e-09,0.061346
0.1201,0.057328,3.3788e-09,0.061345
0.12009,0.057337,3.3788e-09,0.061337
0.12009,0.057292,3.3788e-09,0.061338
0.12009,0.057293,3.3788e-09,0.061328
0.12009,0.057257,3.3788e-09,0.061328
0.12008,0.057252,3.3788e-09,0.061319
0.12008,0.057223,3.3788e-09,0.061319
0.12008,0.057213,3.3788e-09,0.061308
0.12008,0.05719,3.3788e-09,0.061309
0.12008,0.057175,3.3788e-09,0.061299
0.12008,0.057151,3.3788e-09,0.061299
0.12007,0.057135,3.3788e-09,0.06129
0.12007,0.057112,3.3788e-09,0.061289
0.12007,0.057094,3.3788e-09,0.061281
0.12007,0.057069,3.3788e-09,0.061281
0.12007,0.057052,3.3788e-09,0.061272
0.12007,0.057026,3.3788e-09,0.061272
0.12006,0.057008,3.3788e-09,0.061263
0.12006,0.056978,3.3788e-09,0.061262
0.12006,0.056964,3.3788e-09,0.061254
0.12006,0.05693,3.3788e-09,0.061255
0.12006,0.05692,3.3788e-09,0.061245
0.12006,0.056872,3.3788e-09,0.061246
0.12005,0.056883,3.3788e-09,0.061236
0.12005,0.056817,3.3788e-09,0.061236
0.12005,0.056849,3.3788e-09,0.061226
0.12005,0.056772,3.3788e-09,0.061226
0.12005,0.056811,3.3788e-09,0.061217
0.12005,0.05674,3.3788e-09,0.061217
0.12004,0.056765,3.3788e-09,0.061208
0.12004,0.056702,3.3788e-09,0.061207
0.12004,0.056726,3.3788e-09,0.061199
0.12004,0.05667,3.3788e-09,0.061199
0.12004,0.056683,3.3788e-09,0.06119
0.12004,0.056635,3.3788e-09,0.06119
0.12004,0.056644,3.3788e-09,0.061181
0.12004,0.056603,3.3788e-09,0.061181
0.12003,0.056604,3.3788e-09,0.061172
0.12003,0.056571,3.3788e-09,0.061174
0.12003,0.056566,3.3788e-09,0.061164
0.12003,0.05654,3.3788e-09,0.061164
0.12002,0.056531,3.3788e-09,0.061155
0.12002,0.05651,3.3788e-09,0.061155
0.12002,0.056496,3.3788e-09,0.061145
0.12002,0.056475,3.3788e-09,0.061146
0.12002,0.05646,3.3788e-09,0.061137
0.12002,0.05644,3.3788e-09,0.061136
0.12002,0.056423,3.3788e-09,0.061127
0.12002,0.056401,3.3788e-09,0.061127
0.12001,0.056385,3.3788e-09,0.061119
0.12001,0.056362,3.3788e-09,0.061119
0.12001,0.056345,3.3788e-09,0.06111
0.12001,0.056318,3.3788e-09,0.06111
0.12001,0.056304,3.3788e-09,0.061101
0.12,0.056275,3.3788e-09,0.061101
0.12,0.056264,3.3788e-09,0.061093
0.12,0.056223,3.3788e-09,0.061094
0.12,0.056228,3.3788e-09,0.061084
0.12,0.056171,3.3788e-09,0.061085
0.12,0.056198,3.3788e-09,0.061076
0.12,0.056129,3.3788e-09,0.061076
0.11999,0.056164,3.3788e-09,0.061066
0.11999,0.056099,3.3788e-09,0.061066
0.11999,0.056123,3.3788e-09,0.061058
0.11999,0.056065,3.3788e-09,0.061057
0.11999,0.056087,3.3788e-09,0.061048
0.11999,0.056036,3.3788e-09,0.061048
0.11998,0.056048,3.3788e-09,0.06104
0.11998,0.056004,3.3788e-09,0.06104
0.11998,0.056012,3.3788e-09,0.061031
0.11998,0.055975,3.3788e-09,0.061031
0.11998,0.055976,3.3788e-09,0.061023
0.11998,0.055946,3.3788e-09,0.061023
0.11997,0.055942,3.3788e-09,0.061014
0.11997,0.055919,3.3788e-09,0.061016
0.11997,0.05591,3.3788e-09,0.061006
0.11997,0.055891,3.3788e-09,0.061007
0.11997,0.055879,3.3788e-09,0.060998
0.11997,0.05586,3.3788e-09,0.060998
0.11996,0.055846,3.3788e-09,0.060988
0.11997,0.055828,3.3788e-09,0.060989
0.11996,0.055813,3.3788e-09,0.06098
0.11996,0.055793,3.3788e-09,0.06098
0.11996,0.055778,3.3788e-09,0.060971
0.11996,0.055758,3.3788e-09,0.060971
0.11995,0.055742,3.3788e-09,0.060963
0.11996,0.055719,3.3788e-09,0.060963
0.11995,0.055705,3.3788e-09,0.060954
0.11995,0.055679,3.3788e-09,0.060954
0.11995,0.055669,3.3788e-09,0.060946
0.11995,0.055634,3.3788e-09,0.060946
0.11995,0.055636,3.3788e-09,0.060938
0.11995,0.055586,3.3788e-09,0.060939
0.11994,0.055608,3.3788e-09,0.060929
0.11994,0.055546,3.3788e-09,0.06093
0.11994,0.055578,3.3788e-09,0.060921
0.11994,0.055519,3.3788e-09,0.060922
0.11994,0.055541,3.3788e-09,0.060912
0.11994,0.055488,3.3788e-09,0.060912
0.11993,0.055509,3.3788e-09,0.060904
0.11993,0.055462,3.3788e-09,0.060904
0.11993,0.055473,3.3788e-09,0.060895
0.11993,0.055434,3.3788e-09,0.060895
0.11993,0.055441,3.3788e-09,0.060887
0.11993,0.055408,3.3788e-09,0.060887
0.11993,0.055409,3.3788e-09,0.060879
0.11993,0.055382,3.3788e-09,0.060879
0.11992,0.055378,3.3788e-09,0.06087
0.11992,0.055357,3.3788e-09,0.06087
0.11992,0.055349,3.3788e-09,0.060862
0.11992,0.055332,3.3788e-09,0.060861
0.11992,0.055321,3.3788e-09,0.060853
0.11992,0.055304,3.3788e-09,0.060854
0.11991,0.055292,3.3788e-09,0.060845
0.11991,0.055275,3.3788e-09,0.060845
0.11991,0.055262,3.3788e-09,0.060837
0.11991,0.055244,3.3788e-09,0.060837
0.11991,0.05523,3.3788e-09,0.060829
0.11991,0.055212,3.3788e-09,0.06083
0.1199,0.055198,3.3788e-09,0.060821
0.1199,0.055177,3.3788e-09,0.060822
0.1199,0.055165,3.3788e-09,0.060813
0.1199,0.055142,3.3788e-09,0.060813
0.1199,0.055132,3.3788e-09,0.060804
0.1199,0.055101,3.3788e-09,0.060804
0.11989,0.055102,3.3788e-09,0.060796
0.11989,0.055059,3.3788e-09,0.060796
0.11989,0.055077,3.3788e-09,0.060787
0.11989,0.055021,3.3788e-09,0.060787
0.11989,0.055051,3.3788e-09,0.060779
0.11989,0.054997,3.3788e-09,0.06078
0.11989,0.055018,3.3788e-09,0.060771
0.11989,0.054969,3.3788e-09,0.060771
0.11988,0.054989,3.3788e-09,0.060763
0.11988,0.054946,3.3788e-09,0.060763
0.11988,0.054957,3.3788e-09,0.060755
0.11988,0.054921,3.3788e-09,0.060754
0.11988,0.054928,3.3788e-09,0.060747
0.11988,0.054897,3.3788e-09,0.060747
0.11987,0.054899,3.3788e-09,0.060739
0.11988,0.054874,3.3788e-09,0.060739
0.11987,0.054871,3.3788e-09,0.060731
0.11987,0.054852,3.3788e-09,0.060731
0.11987,0.054845,3.3788e-09,0.060723
0.11987,0.05483,3.3788e-09,0.060724
0.11987,0.05482,3.3788e-09,0.060715
0.11987,0.054805,3.3788e-09,0.060716
0.11986,0.054794,3.3788e-09,0.060707
0.11986,0.05478,3.3788e-09,0.060708
0.11986,0.054767,3.3788e-09,0.060698
0.11986,0.054752,3.3788e-09,0.060699
0.11986,0.05474,3.3788e-09,0.060691
0.11986,0.054724,3.3788e-09,0.060691
0.11985,0.054711,3.3788e-09,0.060682
0.11985,0.054692,3.3788e-09,0.060682
0.11985,0.054681,3.3788e-09,0.060674
0.11985,0.054661,3.3788e-09,0.060675
0.11985,0.054652,3.3788e-09,0.060667
0.11985,0.054624,3.3788e-09,0.060667
0.11985,0.054625,3.3788e-09,0.060659
0.11985,0.054586,3.3788e-09,0.060659
0.11984,0.054603,3.3788e-09,0.060651
0.11984,0.054552,3.3788e-09,0.060652
0.11984,0.05458,3.3788e-09,0.060643
0.11984,0.054531,3.3788e-09,0.060644
0.11984,0.054551,3.3788e-09,0.060635
0.11984,0.054506,3.3788e-09,0.060636
0.11983,0.054525,3.3788e-09,0.060627
0.11983,0.054486,3.3788e-09,0.060627
0.11983,0.054497,3.3788e-09,0.060619
0.11983,0.054463,3.3788e-09,0.060619
0.11983,0.054471,3.3788e-09,0.060611
0.11983,0.054443,3.3788e-09,0.06061
0.11983,0.054445,3.3788e-09,0.060603
0.11983,0.054423,3.3788e-09,0.060604
0.11982,0.05442,3.3788e-09,0.060595
0.11982,0.054403,3.3788e-09,0.060595
0.11982,0.054397,3.3788e-09,0.060588
0.11982,0.054384,3.3788e-09,0.060587
0.11982,0.054375,3.3788e-09,0.06058
0.11982,0.054361,3.3788e-09,0.060581
0.11981,0.054352,3.3788e-09,0.060572
0.11981,0.054339,3.3788e-09,0.060573
0.11981,0.054328,3.3788e-09,0.060565
0.11981,0.054314,3.3788e-09,0.060565
0.11981,0.054303,3.3788e-09,0.060556
0.11981,0.054289,3.3788e-09,0.060556
0.11981,0.054278,3.3788e-09,0.060549
0.11981,0.054261,3.3788e-09,0.060549
0.1198,0.054252,3.3788e-09,0.060541
0.1198,0.054233,3.3788e-09,0.06054
0.1198,0.054226,3.3788e-09,0.060533
0.1198,0.054201,3.3788e-09,0.060533
0.1198,0.054203,3.3788e-09,0.060525
0.1198,0.054167,3.3788e-09,0.060525
0.11979,0.054185,3.3788e-09,0.060518
0.11979,0.054137,3.3788e-09,0.060517
0.11979,0.054164,3.3788e-09,0.06051
0.11979,0.054119,3.3788e-09,0.060511
0.11979,0.054138,3.3788e-09,0.060503
0.11979,0.054097,3.3788e-09,0.060503
0.11979,0.054115,3.3788e-09,0.060495
0.11979,0.054079,3.3788e-09,0.060495
0.11978,0.05409,3.3788e-09,0.060487
0.11978,0.05406,3.3788e-09,0.060487
0.11978,0.054067,3.3788e-09,0.060479
0.11978,0.054042,3.3788e-09,0.060479
0.11978,0.054044,3.3788e-09,0.060471
0.11978,0.054024,3.3788e-09,0.060471
0.11978,0.054023,3.3788e-09,0.060464
0.11978,0.054007,3.3788e-09,0.060464
0.11977,0.054002,3.3788e-09,0.060456
0.11977,0.05399,3.3788e-09,0.060456
0.11977,0.053982,3.3788e-09,0.060449
0.11977,0.05397,3.3788e-09,0.060449
0.11977,0.053962,3.3788e-09,0.060441
0.11977,0.05395,3.3788e-09,0.060442
0.11976,0.053941,3.3788e-09,0.060434
0.11976,0.053928,3.3788e-09,0.060434
0.11976,0.05392,3.3788e-09,0.060426
0.11976,0.053907,3.3788e-09,0.060427
0.11976,0.053897,3.3788e-09,0.060418
0.11976,0.053882,3.3788e-09,0.060418
0.11976,0.053875,3.3788e-09,0.060411
0.11976,0.053857,3.3788e-09,0.060411
0.11975,0.053853,3.3788e-09,0.060403
0.11975,0.053828,3.3788e-09,0.060402
0.11975,0.053834,3.3788e-09,0.060395
0.11975,0.053798,3.3788e-09,0.060396
0.11975,0.053818,3.3788e-09,0.060388
0.11975,0.053774,3.3788e-09,0.060388
0.11975,0.0538,3.3788e-09,0.060381
0.11975,0.053758,3.3788e-09,0.06038
0.11974,0.053776,3.3788e-09,0.060373
0.11974,0.05374,3.3788e-09,0.060374
0.11974,0.053757,3.3788e-09,0.060366
0.11974,0.053724,3.3788e-09,0.060366
0.11974,0.053735,3.3788e-09,0.060359
0.11974,0.053707,3.3788e-09,0.060359
0.11974,0.053715,3.3788e-09,0.060351
0.11974,0.053691,3.3788e-09,0.060351
0.11973,0.053695,3.3788e-09,0.060343
0.11973,0.053676,3.3788e-09,0.060343
0.11973,0.053676,3.3788e-09,0.060336
0.11973,0.053661,3.3788e-09,0.060335
0.11973,0.053658,3.3788e-09,0.060328
0.11973,0.053646,3.3788e-09,0.060329
0.11972,0.05364,3.3788e-09,0.060321
0.11973,0.053629,3.3788e-09,0.060321
0.11972,0.053623,3.3788e-09,0.060314
0.11972,0.053612,3.3788e-09,0.060313
0.11972,0.053604,3.3788e-09,0.060306
0.11972,0.053593,3.3788e-09,0.060307
0.11972,0.053586,3.3788e-09,0.060299
0.11972,0.053574,3.3788e-09,0.0603
0.11971,0.053566,3.3788e-09,0.060292
0.11971,0.053552,3.3788e-09,0.060292
0.11971,0.053547,3.3788e-09,0.060284
0.11971,0.05353,3.3788e-09,0.060284
0.11971,0.053529,3.3788e-09,0.060277
0.11971,0.053503,3.3788e-09,0.060277
0.11971,0.053515,3.3788e-09,0.060269
0.11971,0.053478,3.3788e-09,0.060269
0.1197,0.053501,3.3788e-09,0.060262
0.1197,0.053459,3.3788e-09,0.060262
0.1197,0.053484,3.3788e-09,0.060255
0.1197,0.053446,3.3788e-09,0.060255
0.1197,0.053464,3.3788e-09,0.060247
0.1197,0.05343,3.3788e-09,0.060247
0.1197,0.053447,3.3788e-09,0.06024
0.1197,0.053417,3.3788e-09,0.060241
0.11969,0.053427,3.3788e-09,0.060233
0.11969,0.053402,3.3788e-09,0.060234
0.11969,0.05341,3.3788e-09,0.060226
0.11969,0.053389,3.3788e-09,0.060226
0.11969,0.053393,3.3788e-09,0.060218
0.11969,0.053375,3.3788e-09,0.060218
0.11969,0.053376,3.3788e-09,0.060211
0.11969,0.053363,3.3788e-09,0.060211
0.11968,0.05336,3.3788e-09,0.060204
0.11968,0.05335,3.3788e-09,0.060203
0.11968,0.053346,3.3788e-09,0.060196
0.11968,0.053337,3.3788e-09,0.060197
0.11968,0.053331,3.3788e-09,0.060189
0.11968,0.053322,3.3788e-09,0.060189
0.11967,0.053316,3.3788e-09,0.060182
0.11967,0.053307,3.3788e-09,0.060182
0.11967,0.0533,3.3788e-09,0.060175
0.11967,0.05329,3.3788e-09,0.060176
0.11967,0.053284,3.3788e-09,0.060168
0.11967,0.053274,3.3788e-09,0.060168
0.11967,0.053267,3.3788e-09,0.060161
0.11967,0.053255,3.3788e-09,0.060161
0.11966,0.053251,3.3788e-09,0.060153
0.11966,0.053236,3.3788e-09,0.060153
0.11966,0.053235,3.3788e-09,0.060146
0.11966,0.053212,3.3788e-09,0.060146
0.11966,0.053224,3.3788e-09,0.060139
0.11966,0.05319,3.3788e-09,0.060138
0.11966,0.053212,3.3788e-09,0.060132
0.11966,0.053174,3.3788e-09,0.060132
0.11965,0.053198,3.3788e-09,0.060125
0.11965,0.053163,3.3788e-09,0.060125
0.11965,0.053181,3.3788e-09,0.060118
0.11965,0.053149,3.3788e-09,0.060117
0.11965,0.053166,3.3788e-09,0.060111
0.11965,0.053138,3.3788e-09,0.060112
0.11965,0.05315,3.3788e-09,0.060104
0.11965,0.053126,3.3788e-09,0.060104
0.11964,0.053135,3.3788e-09,0.060097
0.11964,0.053115,3.3788e-09,0.060097
0.11964,0.05312,3.3788e-09,0.060089
0.11964,0.053103,3.3788e-09,0.060089
0.11964,0.053106,3.3788e-09,0.060082
0.11964,0.053093,3.3788e-09,0.060082
0.11964,0.053092,3.3788e-09,0.060075
0.11964,0.053082,3.3788e-09,0.060074
0.11963,0.053079,3.3788e-09,0.060068
0.11963,0.053071,3.3788e-09,0.060068
0.11963,0.053067,3.3788e-09,0.060061
0.11963,0.053058,3.3788e-09,0.060061
0.11963,0.053053,3.3788e-09,0.060054
0.11963,0.053045,3.3788e-09,0.060054
0.11963,0.05304,3.3788e-09,0.060047
0.11963,0.053031,3.3788e-09,0.060048
0.11962,0.053026,3.3788e-09,0.06004
0.11962,0.053016,3.3788e-09,0.060041
0.11962,0.053013,3.3788e-09,0.060033
0.11962,0.052999,3.3788e-09,0.060034
0.11962,0.053,3.3788e-09,0.060026
0.11962,0.052982,3.3788e-09,0.060026
0.11962,0.052989,3.3788e-09,0.060019
0.11962,0.052965,3.3788e-09,0.060019
0.11961,0.052979,3.3788e-09,0.060012
0.11961,0.052953,3.3788e-09,0.060011
0.11961,0.052965,3.3788e-09,0.060005
0.11961,0.052942,3.3788e-09,0.060005
0.11961,0.052952,3.3788e-09,0.059998
0.11961,0.052932,3.3788e-09,0.059998
0.11961,0.052938,3.3788e-09,0.059991
0.11961,0.052922,3.3788e-09,0.059991
0.1196,0.052926,3.3788e-09,0.059984
0.1196,0.052913,3.3788e-09,0.059985
0.1196,0.052914,3.3788e-09,0.059978
0.1196,0.052904,3.3788e-09,0.059978
0.1196,0.052902,3.3788e-09,0.059971
0.1196,0.052895,3.3788e-09,0.059971
0.1196,0.052892,3.3788e-09,0.059964
0.1196,0.052886,3.3788e-09,0.059964
0.11959,0.052882,3.3788e-09,0.059957
0.11959,0.052876,3.3788e-09,0.059957
0.11959,0.052871,3.3788e-09,0.05995
0.11959,0.052866,3.3788e-09,0.059951
0.11959,0.05286,3.3788e-09,0.059943
0.11959,0.052854,3.3788e-09,0.059944
0.11959,0.052849,3.3788e-09,0.059936
0.11959,0.052843,3.3788e-09,0.059937
0.11958,0.052837,3.3788e-09,0.059929
0.11958,0.052831,3.3788e-09,0.059929
0.11958,0.052825,3.3788e-09,0.059922
0.11958,0.052819,3.3788e-09,0.059922
0.11958,0.052813,3.3788e-09,0.059916
0.11958,0.052805,3.3788e-09,0.059916
0.11958,0.052801,3.3788e-09,0.059909
0.11958,0.052791,3.3788e-09,0.059909
0.11957,0.052789,3.3788e-09,0.059902
0.11957,0.052773,3.3788e-09,0.059902
0.11957,0.052781,3.3788e-09,0.059895
0.11957,0.052754,3.3788e-09,0.059895
0.11957,0.052775,3.3788e-09,0.059888
0.11957,0.052742,3.3788e-09,0.059888
0.11957,0.052765,3.3788e-09,0.059882
0.11957,0.052735,3.3788e-09,0.059882
0.11956,0.052752,3.3788e-09,0.059875
0.11956,0.052725,3.3788e-09,0.059875
0.11956,0.052742,3.3788e-09,0.059868
0.11956,0.052718,3.3788e-09,0.059868
0.11956,0.05273,3.3788e-09,0.059861
0.11956,0.052709,3.3788e-09,0.059861
0.11956,0.05272,3.3788e-09,0.059855
0.11956,0.052702,3.3788e-09,0.059854
0.11955,0.052709,3.3788e-09,0.059848
0.11955,0.052694,3.3788e-09,0.059849
0.11955,0.052699,3.3788e-09,0.059841
0.11955,0.052686,3.3788e-09,0.059842
0.11955,0.052689,3.3788e-09,0.059835
0.11955,0.052679,3.3788e-09,0.059835
0.11955,0.052679,3.3788e-09,0.059828
0.11955,0.052672,3.3788e-09,0.059827
0.11954,0.05267,3.3788e-09,0.059821
0.11954,0.052665,3.3788e-09,0.059821
0.11954,0.052662,3.3788e-09,0.059814
0.11954,0.052657,3.3788e-09,0.059815
0.11954,0.052654,3.3788e-09,0.059808
0.11954,0.052649,3.3788e-09,0.059808
0.11954,0.052645,3.3788e-09,0.059801
0.11954,0.052641,3.3788e-09,0.059801
0.11953,0.052636,3.3788e-09,0.059794
0.11953,0.052631,3.3788e-09,0.059794
0.11953,0.052627,3.3788e-09,0.059788
0.11953,0.052622,3.3788e-09,0.059787
0.11953,0.052618,3.3788e-09,0.059781
0.11953,0.052612,3.3788e-09,0.059782
0.11953,0.052608,3.3788e-09,0.059774
0.11953,0.052602,3.3788e-09,0.059775
0.11952,0.052599,3.3788e-09,0.059768
0.11953,0.05259,3.3788e-09,0.059768
0.11952,0.05259,3.3788e-09,0.059761
0.11952,0.052577,3.3788e-09,0.059761
0.11952,0.052584,3.3788e-09,0.059754
0.11952,0.052561,3.3788e-09,0.059754
0.11952,0.052581,3.3788e-09,0.059748
0.11952,0.052551,3.3788e-09,0.059748
0.11951,0.052573,3.3788e-09,0.059741
0.11951,0.052546,3.3788e-09,0.059742
0.11951,0.052562,3.3788e-09,0.059735
0.11951,0.052538,3.3788e-09,0.059735
0.11951,0.052555,3.3788e-09,0.059728
0.11951,0.052532,3.3788e-09,0.059728
0.11951,0.052545,3.3788e-09,0.059721
0.11951,0.052525,3.3788e-09,0.059721
0.11951,0.052537,3.3788e-09,0.059715
0.11951,0.05252,3.3788e-09,0.059716
0.1195,0.052528,3.3788e-09,0.059708
0.1195,0.052513,3.3788e-09,0.059709
0.1195,0.05252,3.3788e-09,0.059702
0.1195,0.052508,3.3788e-09,0.059702
0.1195,0.052512,3.3788e-09,0.059695
0.1195,0.052502,3.3788e-09,0.059695
0.1195,0.052504,3.3788e-09,0.059689
0.1195,0.052496,3.3788e-09,0.059688
0.11949,0.052496,3.3788e-09,0.059682
0.11949,0.052491,3.3788e-09,0.059683
0.11949,0.05249,3.3788e-09,0.059676
0.11949,0.052486,3.3788e-09,0.059676
0.11949,0.052484,3.3788e-09,0.059669
0.11949,0.05248,3.3788e-09,0.05967
0.11949,0.052478,3.3788e-09,0.059663
0.11949,0.052474,3.3788e-09,0.059663
0.11948,0.052471,3.3788e-09,0.059656
0.11948,0.052468,3.3788e-09,0.059656
0.11948,0.052465,3.3788e-09,0.05965
0.11948,0.052462,3.3788e-09,0.05965
0.11948,0.052458,3.3788e-09,0.059643
0.11948,0.052455,3.3788e-09,0.059644
0.11948,0.052452,3.3788e-09,0.059637
0.11948,0.052448,3.3788e-09,0.059637
0.11947,0.052444,3.3788e-09,0.05963
0.11947,0.052441,3.3788e-09,0.05963
0.11947,0.052437,3.3788e-09,0.059624
0.11947,0.052433,3.3788e-09,0.059624
0.11947,0.05243,3.3788e-09,0.059617
0.11947,0.052425,3.3788e-09,0.059618
0.11947,0.052422,3.3788e-09,0.059611
0.11947,0.052416,3.3788e-09,0.059611
0.11947,0.052415,3.3788e-09,0.059605
0.11947,0.052405,3.3788e-09,0.059605
0.11946,0.052412,3.3788e-09,0.059598
0.11946,0.052391,3.3788e-09,0.059598
0.11946,0.052411,3.3788e-09,0.059592
0.11946,0.052384,3.3788e-09,0.059592
0.11946,0.052405,3.3788e-09,0.059585
0.11946,0.052381,3.3788e-09,0.059586
0.11945,0.052397,3.3788e-09,0.059579
0.11945,0.052374,3.3788e-09,0.059579
0.11945,0.052391,3.3788e-09,0.059573
0.11945,0.052371,3.3788e-09,0.059573
0.11945,0.052383,3.3788e-09,0.059566
0.11945,0.052365,3.3788e-09,0.059566
0.11945,0.052378,3.3788e-09,0.05956
0.11945,0.052362,3.3788e-09,0.05956
0.11945,0.052371,3.3788e-09,0.059554
0.11944,0.052357,3.3788e-09,0.059554
0.11944,0.052365,3.3788e-09,0.059547
0.11944,0.052353,3.3788e-09,0.059548
0.11944,0.052359,3.3788e-09,0.059541
0.11944,0.052349,3.3788e-09,0.059541
0.11944,0.052353,3.3788e-09,0.059535
0.11944,0.052345,3.3788e-09,0.059534
0.11944,0.052347,3.3788e-09,0.059528
0.11944,0.052341,3.3788e-09,0.059528
0.11943,0.052342,3.3788e-09,0.059522
0.11943,0.052337,3.3788e-09,0.059523
0.11943,0.052337,3.3788e-09,0.059516
0.11943,0.052333,3.3788e-09,0.059516
0.11943,0.052332,3.3788e-09,0.05951
0.11943,0.052329,3.3788e-09,0.05951
0.11943,0.052327,3.3788e-09,0.059503
0.11943,0.052325,3.3788e-09,0.059503
0.11942,0.052323,3.3788e-09,0.059497
0.11942,0.05232,3.3788e-09,0.059497
0.11942,0.052318,3.3788e-09,0.059491
0.11942,0.052315,3.3788e-09,0.059491
0.11942,0.052313,3.3788e-09,0.059484
0.11942,0.05231,3.3788e-09,0.059485
0.11942,0.052308,3.3788e-09,0.059478
0.11942,0.052304,3.3788e-09,0.059478
0.11941,0.052303,3.3788e-09,0.059472
0.11941,0.052299,3.3788e-09,0.059472
0.11941,0.052298,3.3788e-09,0.059466
0.11941,0.052291,3.3788e-09,0.059465
0.11941,0.052294,3.3788e-09,0.059459
0.11941,0.052283,3.3788e-09,0.05946
0.11941,0.052292,3.3788e-09,0.059453
0.11941,0.052276,3.3788e-09,0.059453
0.11941,0.052289,3.3788e-09,0.059447
0.11941,0.052273,3.3788e-09,0.059447
0.1194,0.052283,3.3788e-09,0.059441
0.1194,0.05227,3.3788e-09,0.059441
0.1194,0.052279,3.3788e-09,0.059435
0.1194,0.052267,3.3788e-09,0.059434
0.1194,0.052274,3.3788e-09,0.059428
0.1194,0.052263,3.3788e-09,0.059429
0.1194,0.052269,3.3788e-09,0.059422
0.1194,0.05226,3.3788e-09,0.059423
0.11939,0.052264,3.3788e-09,0.059416
0.11939,0.052257,3.3788e-09,0.059416
0.11939,0.05226,3.3788e-09,0.05941
0.11939,0.052254,3.3788e-09,0.05941
0.11939,0.052256,3.3788e-09,0.059404
0.11939,0.052252,3.3788e-09,0.059403
0.11939,0.052252,3.3788e-09,0.059398
0.11939,0.052249,3.3788e-09,0.059398
0.11938,0.052248,3.3788e-09,0.059392
0.11938,0.052246,3.3788e-09,0.059392
0.11938,0.052245,3.3788e-09,0.059385
0.11938,0.052243,3.3788e-09,0.059386
0.11938,0.052242,3.3788e-09,0.059379
0.11938,0.05224,3.3788e-09,0.059379
0.11938,0.052238,3.3788e-09,0.059373
0.11938,0.052237,3.3788e-09,0.059373
0.11938,0.052235,3.3788e-09,0.059367
0.11938,0.052233,3.3788e-09,0.059367
0.11937,0.052231,3.3788e-09,0.059361
0.11937,0.052229,3.3788e-09,0.059361
0.11937,0.052228,3.3788e-09,0.059355
0.11937,0.052225,3.3788e-09,0.059355
0.11937,0.052224,3.3788e-09,0.059349
0.11937,0.052221,3.3788e-09,0.059348
0.11937,0.05222,3.3788e-09,0.059343
0.11937,0.052217,3.3788e-09,0.059342
0.11936,0.052216,3.3788e-09,0.059337
0.11936,0.052212,3.3788e-09,0.059337
0.11936,0.052213,3.3788e-09,0.059331
0.11936,0.052206,3.3788e-09,0.059331
0.11936,0.052212,3.3788e-09,0.059325
0.11936,0.052199,3.3788e-09,0.059325
0.11936,0.052211,3.3788e-09,0.059318
0.11936,0.052196,3.3788e-09,0.059318
0.11935,0.052206,3.3788e-09,0.059312
0.11935,0.052193,3.3788e-09,0.059312
0.11935,0.052204,3.3788e-09,0.059306
0.11935,0.052192,3.3788e-09,0.059307
0.11935,0.052199,3.3788e-09,0.0593
0.11935,0.052189,3.3788e-09,0.059301
0.11935,0.052196,3.3788e-09,0.059294
0.11935,0.052187,3.3788e-09,0.059295
0.11934,0.052192,3.3788e-09,0.059288
0.11934,0.052185,3.3788e-09,0.059288
0.11934,0.052189,3.3788e-09,0.059282
0.11934,0.052183,3.3788e-09,0.059282
0.11934,0.052186,3.3788e-09,0.059276
0.11934,0.052181,3.3788e-09,0.059277
0.11934,0.052183,3.3788e-09,0.05927
0.11934,0.052179,3.3788e-09,0.059271
0.11934,0.05218,3.3788e-09,0.059265
0.11934,0.052177,3.3788e-09,0.059265
0.11933,0.052177,3.3788e-09,0.059258
0.11933,0.052175,3.3788e-09,0.059258
0.11933,0.052175,3.3788e-09,0.059253
0.11933,0.052173,3.3788e-09,0.059252
0.11933,0.052172,3.3788e-09,0.059247
0.11933,0.052171,3.3788e-09,0.059247
0.11933,0.05217,3.3788e-09,0.059241
0.11933,0.052169,3.3788e-09,0.059241
0.11932,0.052168,3.3788e-09,0.059235
0.11932,0.052167,3.3788e-09,0.059235
0.11932,0.052166,3.3788e-09,0.059229
0.11932,0.052164,3.3788e-09,0.059228
0.11932,0.052163,3.3788e-09,0.059223
0.11932,0.052162,3.3788e-09,0.059223
0.11932,0.052161,3.3788e-09,0.059217
0.11932,0.052159,3.3788e-09,0.059217
0.11931,0.052158,3.3788e-09,0.059211
0.11931,0.052156,3.3788e-09,0.059211
0.11931,0.052155,3.3788e-09,0.059205
0.11931,0.052154,3.3788e-09,0.059205
0.11931,0.052153,3.3788e-09,0.059199
0.11931,0.05215,3.3788e-09,0.059199
0.11931,0.05215,3.3788e-09,0.059193
0.11931,0.052147,3.3788e-09,0.059193
0.11931,0.052149,3.3788e-09,0.059188
0.11931,0.052141,3.3788e-09,0.059188
0.1193,0.052149,3.3788e-09,0.059182
0.1193,0.052137,3.3788e-09,0.059182
0.1193,0.052148,3.3788e-09,0.059176
0.1193,0.052136,3.3788e-09,0.059176
0.1193,0.052145,3.3788e-09,0.05917
0.1193,0.052134,3.3788e-09,0.05917
0.1193,0.052143,3.3788e-09,0.059164
0.1193,0.052133,3.3788e-09,0.059164
0.11929,0.05214,3.3788e-09,0.059158
0.11929,0.052131,3.3788e-09,0.059159
0.11929,0.052138,3.3788e-09,0.059153
0.11929,0.05213,3.3788e-09,0.059153
0.11929,0.052135,3.3788e-09,0.059147
0.11929,0.052129,3.3788e-09,0.059147
0.11929,0.052133,3.3788e-09,0.059141
0.11929,0.052128,3.3788e-09,0.05914
0.11928,0.05213,3.3788e-09,0.059135
0.11928,0.052126,3.3788e-09,0.059135
0.11928,0.052128,3.3788e-09,0.059129
0.11928,0.052125,3.3788e-09,0.059129
0.11928,0.052126,3.3788e-09,0.059123
0.11928,0.052124,3.3788e-09,0.059124
0.11928,0.052124,3.3788e-09,0.059118
0.11928,0.052123,3.3788e-09,0.059118
0.11928,0.052123,3.3788e-09,0.059112
0.11928,0.052122,3.3788e-09,0.059112
0.11927,0.052121,3.3788e-09,0.059106
0.11927,0.05212,3.3788e-09,0.059106
0.11927,0.05212,3.3788e-09,0.0591
0.11927,0.052119,3.3788e-09,0.059101
0.11927,0.052118,3.3788e-09,0.059095
0.11927,0.052117,3.3788e-09,0.059095
0.11927,0.052117,3.3788e-09,0.059089
0.11927,0.052116,3.3788e-09,0.059089
0.11926,0.052115,3.3788e-09,0.059083
0.11926,0.052114,3.3788e-09,0.059083
0.11926,0.052113,3.3788e-09,0.059077
0.11926,0.052112,3.3788e-09,0.059077
0.11926,0.052112,3.3788e-09,0.059072
0.11926,0.05211,3.3788e-09,0.059072
0.11926,0.05211,3.3788e-09,0.059066
0.11926,0.052108,3.3788e-09,0.059066
0.11926,0.052108,3.3788e-09,0.05906
0.11926,0.052106,3.3788e-09,0.05906
0.11925,0.052107,3.3788e-09,0.059055
0.11925,0.052103,3.3788e-09,0.059054
0.11925,0.052107,3.3788e-09,0.059049
0.11925,0.052099,3.3788e-09,0.059049
0.11925,0.052107,3.3788e-09,0.059043
0.11925,0.052098,3.3788e-09,0.059043
0.11925,0.052105,3.3788e-09,0.059038
0.11925,0.052097,3.3788e-09,0.059038
0.11924,0.052104,3.3788e-09,0.059032
0.11924,0.052096,3.3788e-09,0.059031
0.11924,0.052102,3.3788e-09,0.059026
0.11924,0.052095,3.3788e-09,0.059026
0.11924,0.0521,3.3788e-09,0.059021
0.11924,0.052094,3.3788e-09,0.059021
0.11924,0.052098,3.3788e-09,0.059015
0.11924,0.052094,3.3788e-09,0.059015
0.11923,0.052097,3.3788e-09,0.059009
0.11923,0.052093,3.3788e-09,0.05901
0.11923,0.052095,3.3788e-09,0.059004
0.11923,0.052092,3.3788e-09,0.059004
0.11923,0.052094,3.3788e-09,0.058998
0.11923,0.052091,3.3788e-09,0.058999
0.11923,0.052092,3.3788e-09,0.058992
0.11923,0.052091,3.3788e-09,0.058992
0.11923,0.052091,3.3788e-09,0.058987
0.11923,0.05209,3.3788e-09,0.058987
0.11922,0.05209,3.3788e-09,0.058981
0.11922,0.052089,3.3788e-09,0.058981
0.11922,0.052089,3.3788e-09,0.058976
0.11922,0.052088,3.3788e-09,0.058976
0.11922,0.052088,3.3788e-09,0.05897
0.11922,0.052088,3.3788e-09,0.05897
0.11922,0.052087,3.3788e-09,0.058964
0.11922,0.052087,3.3788e-09,0.058964
0.11921,0.052086,3.3788e-09,0.058959
0.11921,0.052086,3.3788e-09,0.05896
0.11921,0.052085,3.3788e-09,0.058953
0.11921,0.052085,3.3788e-09,0.058954
0.11921,0.052084,3.3788e-09,0.058948
0.11921,0.052084,3.3788e-09,0.058948
0.11921,0.052083,3.3788e-09,0.058942
0.11921,0.052083,3.3788e-09,0.058942
0.11921,0.052082,3.3788e-09,0.058937
0.1192,0.052082,3.3788e-09,0.058937
0.1192,0.052081,3.3788e-09,0.058931
0.1192,0.052081,3.3788e-09,0.058931
0.1192,0.05208,3.3788e-09,0.058925
0.1192,0.052079,3.3788e-09,0.058926
0.1192,0.052079,3.3788e-09,0.05892
0.1192,0.052078,3.3788e-09,0.05892
0.1192,0.052078,3.3788e-09,0.058914
0.1192,0.052077,3.3788e-09,0.058914
0.11919,0.052077,3.3788e-09,0.058909
0.1192,0.052076,3.3788e-09,0.05891
0.11919,0.052076,3.3788e-09,0.058904
0.11919,0.052074,3.3788e-09,0.058904
0.11919,0.052076,3.3788e-09,0.058898
0.11919,0.052071,3.3788e-09,0.058898
0.11919,0.052077,3.3788e-09,0.058892
0.11919,0.052069,3.3788e-09,0.058892
0.11918,0.052075,3.3788e-09,0.058887
0.11918,0.052069,3.3788e-09,0.058887
0.11918,0.052075,3.3788e-09,0.058881
0.11918,0.052068,3.3788e-09,0.058881
0.11918,0.052073,3.3788e-09,0.058876
0.11918,0.052068,3.3788e-09,0.058876
0.11918,0.052072,3.3788e-09,0.058871
0.11918,0.052067,3.3788e-09,0.05887
0.11918,0.052071,3.3788e-09,0.058865
0.11918,0.052067,3.3788e-09,0.058865
0.11917,0.05207,3.3788e-09,0.05886
0.11917,0.052067,3.3788e-09,0.05886
0.11917,0.052069,3.3788e-09,0.058854
0.11917,0.052066,3.3788e-09,0.058855
0.11917,0.052068,3.3788e-09,0.058849
0.11917,0.052066,3.3788e-09,0.058849
0.11917,0.052067,3.3788e-09,0.058843
0.11917,0.052065,3.3788e-09,0.058843
0.11917,0.052066,3.3788e-09,0.058838
0.11917,0.052065,3.3788e-09,0.058838
0.11916,0.052065,3.3788e-09,0.058833
0.11916,0.052065,3.3788e-09,0.058833
0.11916,0.052065,3.3788e-09,0.058827
0.11916,0.052064,3.3788e-09,0.058828
0.11916,0.052064,3.3788e-09,0.058822
0.11916,0.052064,3.3788e-09,0.058822
0.11916,0.052063,3.3788e-09,0.058816
0.11916,0.052063,3.3788e-09,0.058816
0.11915,0.052063,3.3788e-09,0.058811
0.11915,0.052063,3.3788e-09,0.058811
0.11915,0.052062,3.3788e-09,0.058806
0.11915,0.052062,3.3788e-09,0.058806
0.11915,0.052062,3.3788e-09,0.0588
0.11915,0.052061,3.3788e-09,0.058801
0.11915,0.052061,3.3788e-09,0.058795
0.11915,0.052061,3.3788e-09,0.058795
0.11914,0.052061,3.3788e-09,0.058789
0.11914,0.05206,3.3788e-09,0.058789
0.11914,0.05206,3.3788e-09,0.058784
0.11914,0.05206,3.3788e-09,0.058784
0.11914,0.052059,3.3788e-09,0.058779
0.11914,0.052059,3.3788e-09,0.058779
0.11914,0.052059,3.3788e-09,0.058774
0.11914,0.052058,3.3788e-09,0.058774
0.11914,0.052058,3.3788e-09,0.058768
0.11914,0.052057,3.3788e-09,0.058768
0.11913,0.052057,3.3788e-09,0.058763
0.11913,0.052056,3.3788e-09,0.058763
0.11913,0.052057,3.3788e-09,0.058757
0.11913,0.052055,3.3788e-09,0.058757
0.11913,0.052058,3.3788e-09,0.058752
0.11913,0.052052,3.3788e-09,0.058753
0.11913,0.052058,3.3788e-09,0.058747
0.11913,0.052052,3.3788e-09,0.058747
0.11912,0.052057,3.3788e-09,0.058742
0.11912,0.052052,3.3788e-09,0.058742
0.11912,0.052057,3.3788e-09,0.058736
0.11912,0.052052,3.3788e-09,0.058736
0.11912,0.052056,3.3788e-09,0.058731
0.11912,0.052051,3.3788e-09,0.058731
0.11912,0.052055,3.3788e-09,0.058726
0.11912,0.052051,3.3788e-09,0.058726
0.11911,0.052054,3.3788e-09,0.058721
0.11911,0.052051,3.3788e-09,0.058721
0.11911,0.052054,3.3788e-09,0.058715
0.11911,0.052051,3.3788e-09,0.058715
0.11911,0.052053,3.3788e-09,0.05871
0.11911,0.05205,3.3788e-09,0.05871
0.11911,0.052052,3.3788e-09,0.058705
0.11911,0.05205,3.3788e-09,0.058705
0.11911,0.052052,3.3788e-09,0.058699
0.11911,0.05205,3.3788e-09,0.0587
0.1191,0.052051,3.3788e-09,0.058694
0.1191,0.05205,3.3788e-09,0.058695
0.1191,0.05205,3.3788e-09,0.058689
0.1191,0.05205,3.3788e-09,0.058689
0.1191,0.05205,3.3788e-09,0.058684
0.1191,0.052049,3.3788e-09,0.058684
0.1191,0.052049,3.3788e-09,0.058679
0.1191,0.052049,3.3788e-09,0.058678
0.1191,0.052049,3.3788e-09,0.058673
0.1191,0.052049,3.3788e-09,0.058674
0.11909,0.052049,3.3788e-09,0.058668
0.11909,0.052049,3.3788e-09,0.058668
0.11909,0.052048,3.3788e-09,0.058663
0.11909,0.052048,3.3788e-09,0.058663
0.11909,0.052048,3.3788e-09,0.058658
0.11909,0.052048,3.3788e-09,0.058658
0.11909,0.052048,3.3788e-09,0.058653
0.11909,0.052048,3.3788e-09,0.058652
0.11908,0.052047,3.3788e-09,0.058647
0.11908,0.052047,3.3788e-09,0.058648
0.11908,0.052047,3.3788e-09,0.058642
0.11908,0.052047,3.3788e-09,0.058643
0.11908,0.052047,3.3788e-09,0.058637
0.11908,0.052046,3.3788e-09,0.058637
0.11908,0.052046,3.3788e-09,0.058632
0.11908,0.052046,3.3788e-09,0.058632
0.11907,0.052046,3.3788e-09,0.058627
0.11907,0.052046,3.3788e-09,0.058627
0.11907,0.052045,3.3788e-09,0.058622
0.11907,0.052045,3.3788e-09,0.058622
0.11907,0.052045,3.3788e-09,0.058617
0.11907,0.052045,3.3788e-09,0.058617
0.11907,0.052044,3.3788e-09,0.058611
0.11907,0.052044,3.3788e-09,0.058612
0.11907,0.052044,3.3788e-09,0.058606
0.11907,0.052044,3.3788e-09,0.058606
0.11906,0.052043,3.3788e-09,0.058601
0.11906,0.052043,3.3788e-09,0.058601
0.11906,0.052043,3.3788e-09,0.058596
0.11906,0.052042,3.3788e-09,0.058596
0.11906,0.052044,3.3788e-09,0.058591
0.11906,0.05204,3.3788e-09,0.058591
0.11906,0.052045,3.3788e-09,0.058586
0.11906,0.05204,3.3788e-09,0.058586
0.11905,0.052044,3.3788e-09,0.058581
0.11905,0.052039,3.3788e-09,0.058581
0.11905,0.052044,3.3788e-09,0.058576
0.11905,0.05204,3.3788e-09,0.058575
0.11905,0.052043,3.3788e-09,0.058571
0.11905,0.052039,3.3788e-09,0.058571
0.11905,0.052043,3.3788e-09,0.058566
0.11905,0.052039,3.3788e-09,0.058566
0.11904,0.052042,3.3788e-09,0.058561
0.11904,0.052039,3.3788e-09,0.058561
0.11904,0.052042,3.3788e-09,0.058555
0.11904,0.052039,3.3788e-09,0.058555
0.11904,0.052041,3.3788e-09,0.05855
0.11904,0.052039,3.3788e-09,0.05855
0.11904,0.052041,3.3788e-09,0.058545
0.11904,0.052039,3.3788e-09,0.058546
0.11904,0.05204,3.3788e-09,0.05854
0.11904,0.052039,3.3788e-09,0.058541
0.11903,0.05204,3.3788e-09,0.058535
0.11903,0.052039,3.3788e-09,0.058536
0.11903,0.052039,3.3788e-09,0.05853
0.11903,0.052039,3.3788e-09,0.05853
0.11903,0.052039,3.3788e-09,0.058525
0.11903,0.052038,3.3788e-09,0.058525
0.11903,0.052039,3.3788e-09,0.05852
0.11903,0.052038,3.3788e-09,0.058521
0.11902,0.052038,3.3788e-09,0.058515
0.11903,0.052038,3.3788e-09,0.058515
0.11902,0.052038,3.3788e-09,0.05851
0.11902,0.052038,3.3788e-09,0.05851
0.11902,0.052038,3.3788e-09,0.058505
0.11902,0.052038,3.3788e-09,0.058505
0.11902,0.052038,3.3788e-09,0.0585
0.11902,0.052037,3.3788e-09,0.0585
0.11902,0.052037,3.3788e-09,0.058495
0.11902,0.052037,3.3788e-09,0.058496
0.11901,0.052037,3.3788e-09,0.05849
0.11901,0.052037,3.3788e-09,0.058491
0.11901,0.052037,3.3788e-09,0.058485
0.11901,0.052037,3.3788e-09,0.058486
0.11901,0.052037,3.3788e-09,0.05848
0.11901,0.052036,3.3788e-09,0.05848
0.11901,0.052036,3.3788e-09,0.058476
0.11901,0.052036,3.3788e-09,0.058475
0.11901,0.052036,3.3788e-09,0.058471
0.11901,0.052036,3.3788e-09,0.058471
0.119,0.052036,3.3788e-09,0.058466
0.119,0.052036,3.3788e-09,0.058466
0.119,0.052035,3.3788e-09,0.058461
0.119,0.052035,3.3788e-09,0.058461
0.119,0.052035,3.3788e-09,0.058456
0.119,0.052035,3.3788e-09,0.058456
0.119,0.052035,3.3788e-09,0.058451
0.119,0.052035,3.3788e-09,0.058451
0.11899,0.052035,3.3788e-09,0.058446
0.11899,0.052034,3.3788e-09,0.058446
0.11899,0.052034,3.3788e-09,0.058441
0.11899,0.052033,3.3788e-09,0.058441
0.11899,0.052035,3.3788e-09,0.058436
0.11899,0.052032,3.3788e-09,0.058436
0.11899,0.052036,3.3788e-09,0.058431
0.11899,0.052032,3.3788e-09,0.058431
0.11898,0.052035,3.3788e-09,0.058426
0.11898,0.052031,3.3788e-09,0.058426
0.11898,0.052035,3.3788e-09,0.058422
0.11898,0.052032,3.3788e-09,0.058422
0.11898,0.052034,3.3788e-09,0.058417
0.11898,0.052031,3.3788e-09,0.058417
0.11898,0.052034,3.3788e-09,0.058412
0.11898,0.052031,3.3788e-09,0.058412
0.11898,0.052033,3.3788e-09,0.058407
0.11898,0.052031,3.3788e-09,0.058407
0.11897,0.052033,3.3788e-09,0.058402
0.11897,0.052031,3.3788e-09,0.058402
0.11897,0.052033,3.3788e-09,0.058397
0.11897,0.052031,3.3788e-09,0.058397
0.11897,0.052032,3.3788e-09,0.058392
0.11897,0.052031,3.3788e-09,0.058393
0.11897,0.052032,3.3788e-09,0.058388
0.11897,0.052031,3.3788e-09,0.058388
0.11896,0.052032,3.3788e-09,0.058383
0.11896,0.052031,3.3788e-09,0.058382
0.11896,0.052031,3.3788e-09,0.058378
0.11896,0.052031,3.3788e-09,0.058378
0.11896,0.052031,3.3788e-09,0.058373
0.11896,0.052031,3.3788e-09,0.058373
0.11896,0.052031,3.3788e-09,0.058368
0.11896,0.052031,3.3788e-09,0.058368
0.11896,0.052031,3.3788e-09,0.058364
0.11895,0.052031,3.3788e-09,0.058364
0.11895,0.052031,3.3788e-09,0.058359
0.11895,0.05203,3.3788e-09,0.058358
0.11895,0.05203,3.3788e-09,0.058354
0.11895,0.05203,3.3788e-09,0.058354
0.11895,0.05203,3.3788e-09,0.058349
0.11895,0.05203,3.3788e-09,0.058349
0.11895,0.05203,3.3788e-09,0.058344
0.11895,0.05203,3.3788e-09,0.058344
0.11894,0.05203,3.3788e-09,0.05834
0.11894,0.05203,3.3788e-09,0.05834
0.11894,0.05203,3.3788e-09,0.058335
0.11894,0.05203,3.3788e-09,0.058335
0.11894,0.052029,3.3788e-09,0.05833
0.11894,0.052029,3.3788e-09,0.05833
0.11894,0.052029,3.3788e-09,0.058325
0.11894,0.052029,3.3788e-09,0.058326
0.11894,0.052029,3.3788e-09,0.058321
0.11894,0.052029,3.3788e-09,0.058321
0.11893,0.052029,3.3788e-09,0.058316
0.11893,0.052029,3.3788e-09,0.058316
0.11893,0.052029,3.3788e-09,0.058311
0.11893,0.052028,3.3788e-09,0.058311
0.11893,0.052028,3.3788e-09,0.058306
0.11893,0.052027,3.3788e-09,0.058306
0.11893,0.052029,3.3788e-09,0.058302
0.11893,0.052026,3.3788e-09,0.058302
0.11892,0.052029,3.3788e-09,0.058297
0.11892,0.052026,3.3788e-09,0.058297
0.11892,0.052029,3.3788e-09,0.058292
0.11892,0.052026,3.3788e-09,0.058292
0.11892,0.052029,3.3788e-09,0.058288
0.11892,0.052026,3.3788e-09,0.058287
0.11892,0.052028,3.3788e-09,0.058283
0.11892,0.052026,3.3788e-09,0.058283
0.11891,0.052028,3.3788e-09,0.058278
0.11891,0.052026,3.3788e-09,0.058278
0.11891,0.052028,3.3788e-09,0.058274
0.11891,0.052026,3.3788e-09,0.058274
0.11891,0.052027,3.3788e-09,0.058269
0.11891,0.052026,3.3788e-09,0.058269
0.11891,0.052027,3.3788e-09,0.058264
0.11891,0.052026,3.3788e-09,0.058264
0.11891,0.052027,3.3788e-09,0.05826
0.11891,0.052026,3.3788e-09,0.05826
0.1189,0.052026,3.3788e-09,0.058255
0.1189,0.052026,3.3788e-09,0.058255
0.1189,0.052026,3.3788e-09,0.05825
0.1189,0.052026,3.3788e-09,0.05825
0.1189,0.052026,3.3788e-09,0.058246
0.1189,0.052026,3.3788e-09,0.058246
0.1189,0.052026,3.3788e-09,0.058241
0.1189,0.052026,3.3788e-09,0.058241
0.11889,0.052026,3.3788e-09,0.058236
0.11889,0.052025,3.3788e-09,0.058237
0.11889,0.052025,3.3788e-09,0.058232
0.11889,0.052025,3.3788e-09,0.058232
0.11889,0.052025,3.3788e-09,0.058227
0.11889,0.052025,3.3788e-09,0.058227
0.11889,0.052025,3.3788e-09,0.058222
0.11889,0.052025,3.3788e-09,0.058222
0.11889,0.052025,3.3788e-09,0.058218
0.11889,0.052025,3.3788e-09,0.058218
0.11888,0.052025,3.3788e-09,0.058213
0.11888,0.052025,3.3788e-09,0.058213
0.11888,0.052025,3.3788e-09,0.058209
0.11888,0.052025,3.3788e-09,0.058209
0.11888,0.052024,3.3788e-09,0.058204
0.11888,0.052024,3.3788e-09,0.058205
0.11888,0.052024,3.3788e-09,0.0582
0.11888,0.052024,3.3788e-09,0.0582
0.11887,0.052024,3.3788e-09,0.058195
0.11887,0.052024,3.3788e-09,0.058195
0.11887,0.052024,3.3788e-09,0.05819
0.11887,0.052024,3.3788e-09,0.05819
0.11887,0.052024,3.3788e-09,0.058186
0.11887,0.052024,3.3788e-09,0.058186
0.11887,0.052023,3.3788e-09,0.058181
0.11887,0.052023,3.3788e-09,0.058182
0.11886,0.052023,3.3788e-09,0.058177
0.11886,0.052023,3.3788e-09,0.058177
0.11886,0.052023,3.3788e-09,0.058172
0.11886,0.052023,3.3788e-09,0.058172
0.11886,0.052023,3.3788e-09,0.058168
0.11886,0.052022,3.3788e-09,0.058168
0.11886,0.052023,3.3788e-09,0.058163
0.11886,0.052022,3.3788e-09,0.058163
0.11886,0.052024,3.3788e-09,0.058159
0.11886,0.05202,3.3788e-09,0.058159
0.11885,0.052024,3.3788e-09,0.058154
0.11885,0.052021,3.3788e-09,0.058154
0.11885,0.052023,3.3788e-09,0.05815
0.11885,0.05202,3.3788e-09,0.05815
0.11885,0.052023,3.3788e-09,0.058145
0.11885,0.052021,3.3788e-09,0.058145
0.11885,0.052023,3.3788e-09,0.05814
0.11885,0.05202,3.3788e-09,0.05814
0.11884,0.052023,3.3788e-09,0.058136
0.11885,0.05202,3.3788e-09,0.058136
0.11884,0.052022,3.3788e-09,0.058132
0.11884,0.05202,3.3788e-09,0.058132
0.11884,0.052022,3.3788e-09,0.058127
0.11884,0.05202,3.3788e-09,0.058127
0.11884,0.052022,3.3788e-09,0.058123
0.11884,0.05202,3.3788e-09,0.058122
0.11884,0.052021,3.3788e-09,0.058118
0.11883,0.05202,3.3788e-09,0.058118
0.11883,0.052021,3.3788e-09,0.058114
0.11883,0.05202,3.3788e-09,0.058114
0.11883,0.052021,3.3788e-09,0.058109
0.11883,0.05202,3.3788e-09,0.058109
0.11883,0.052021,3.3788e-09,0.058105
0.11883,0.05202,3.3788e-09,0.058105
0.11883,0.05202,3.3788e-09,0.0581
0.11883,0.05202,3.3788e-09,0.0581
0.11882,0.05202,3.3788e-09,0.058096
0.11883,0.05202,3.3788e-09,0.058096
0.11882,0.05202,3.3788e-09,0.058091
0.11882,0.05202,3.3788e-09,0.058092
0.11882,0.05202,3.3788e-09,0.058087
0.11882,0.05202,3.3788e-09,0.058087
0.11882,0.05202,3.3788e-09,0.058083
0.11882,0.05202,3.3788e-09,0.058083
0.11882,0.05202,3.3788e-09,0.058078
0.11882,0.05202,3.3788e-09,0.058078
0.11881,0.05202,3.3788e-09,0.058074
0.11881,0.052019,3.3788e-09,0.058074
0.11881,0.052019,3.3788e-09,0.058069
0.11881,0.052019,3.3788e-09,0.05807
0.11881,0.052019,3.3788e-09,0.058065
0.11881,0.052019,3.3788e-09,0.058065
0.11881,0.052019,3.3788e-09,0.058061
0.11881,0.052019,3.3788e-09,0.058061
0.1188,0.052019,3.3788e-09,0.058056
0.1188,0.052019,3.3788e-09,0.058056
0.1188,0.052019,3.3788e-09,0.058052
0.1188,0.052019,3.3788e-09,0.058052
0.1188,0.052019,3.3788e-09,0.058047
0.1188,0.052019,3.3788e-09,0.058048
0.1188,0.052018,3.3788e-09,0.058043
0.1188,0.052018,3.3788e-09,0.058043
0.11879,0.052018,3.3788e-09,0.058039
0.11879,0.052018,3.3788e-09,0.058039
0.11879,0.052018,3.3788e-09,0.058034
0.11879,0.052018,3.3788e-09,0.058034
0.11879,0.052018,3.3788e-09,0.05803
0.11879,0.052018,3.3788e-09,0.05803
0.11879,0.052018,3.3788e-09,0.058026
0.11879,0.052018,3.3788e-09,0.058026
0.11878,0.052017,3.3788e-09,0.058021
0.11879,0.052017,3.3788e-09,0.058021
0.11878,0.052017,3.3788e-09,0.058017
0.11878,0.052017,3.3788e-09,0.058017
0.11878,0.052018,3.3788e-09,0.058012
0.11878,0.052016,3.3788e-09,0.058012
0.11878,0.052018,3.3788e-09,0.058008
0.11878,0.052015,3.3788e-09,0.058008
0.11878,0.052018,3.3788e-09,0.058004
0.11878,0.052015,3.3788e-09,0.058004
0.11877,0.052018,3.3788e-09,0.058
0.11877,0.052015,3.3788e-09,0.058
0.11877,0.052017,3.3788e-09,0.057995
0.11877,0.052015,3.3788e-09,0.057995
0.11877,0.052017,3.3788e-09,0.057991
0.11877,0.052015,3.3788e-09,0.057991
0.11877,0.052017,3.3788e-09,0.057987
0.11877,0.052015,3.3788e-09,0.057986
0.11877,0.052017,3.3788e-09,0.057982
0.11877,0.052015,3.3788e-09,0.057983
0.11876,0.052016,3.3788e-09,0.057978
0.11876,0.052015,3.3788e-09,0.057978
0.11876,0.052016,3.3788e-09,0.057974
0.11876,0.052015,3.3788e-09,0.057974
0.11876,0.052016,3.3788e-09,0.057969
0.11876,0.052015,3.3788e-09,0.057969
0.11876,0.052016,3.3788e-09,0.057965
0.11876,0.052015,3.3788e-09,0.057965
0.11875,0.052015,3.3788e-09,0.057961
0.11875,0.052015,3.3788e-09,0.057961
0.11875,0.052015,3.3788e-09,0.057957
0.11875,0.052015,3.3788e-09,0.057957
0.11875,0.052015,3.3788e-09,0.057952
0.11875,0.052015,3.3788e-09,0.057953
0.11875,0.052015,3.3788e-09,0.057948
0.11875,0.052015,3.3788e-09,0.057948
0.11874,0.052015,3.3788e-09,0.057944
0.11874,0.052015,3.3788e-09,0.057944
0.11874,0.052015,3.3788e-09,0.05794
0.11874,0.052015,3.3788e-09,0.05794
0.11874,0.052015,3.3788e-09,0.057936
0.11874,0.052014,3.3788e-09,0.057936
0.11874,0.052014,3.3788e-09,0.057931
0.11874,0.052014,3.3788e-09,0.057931
0.11874,0.052014,3.3788e-09,0.057927
0.11874,0.052014,3.3788e-09,0.057927
0.11873,0.052014,3.3788e-09,0.057923
0.11873,0.052014,3.3788e-09,0.057923
0.11873,0.052014,3.3788e-09,0.057919
0.11873,0.052014,3.3788e-09,0.057919
0.11873,0.052014,3.3788e-09,0.057914
0.11873,0.052014,3.3788e-09,0.057915
0.11873,0.052014,3.3788e-09,0.05791
0.11873,0.052014,3.3788e-09,0.05791
0.11872,0.052013,3.3788e-09,0.057906
0.11872,0.052013,3.3788e-09,0.057906
0.11872,0.052013,3.3788e-09,0.057902
0.11872,0.052013,3.3788e-09,0.057902
0.11872,0.052013,3.3788e-09,0.057898
0.11872,0.052013,3.3788e-09,0.057898
0.11872,0.052013,3.3788e-09,0.057894
0.11872,0.052012,3.3788e-09,0.057894
0.11871,0.052013,3.3788e-09,0.057889
0.11871,0.052012,3.3788e-09,0.057889
0.11871,0.052013,3.3788e-09,0.057885
0.11871,0.052012,3.3788e-09,0.057885
0.11871,0.052013,3.3788e-09,0.057881
0.11871,0.052012,3.3788e-09,0.057881
0.11871,0.052013,3.3788e-09,0.057877
0.11871,0.052012,3.3788e-09,0.057877
0.11871,0.052013,3.3788e-09,0.057873
0.11871,0.052012,3.3788e-09,0.057873
0.1187,0.052013,3.3788e-09,0.057869
0.1187,0.052012,3.3788e-09,0.057869
0.1187,0.052012,3.3788e-09,0.057865
0.1187,0.052012,3.3788e-09,0.057864
0.1187,0.052012,3.3788e-09,0.05786
0.1187,0.052012,3.3788e-09,0.05786
0.1187,0.052012,3.3788e-09,0.057856
0.1187,0.052011,3.3788e-09,0.057856
0.11869,0.052012,3.3788e-09,0.057852
0.11869,0.052011,3.3788e-09,0.057852
0.11869,0.052011,3.3788e-09,0.057848
0.11869,0.052011,3.3788e-09,0.057848
0.11869,0.052011,3.3788e-09,0.057844
0.11869,0.052011,3.3788e-09,0.057844
0.11869,0.052011,3.3788e-09,0.05784
0.11869,0.052011,3.3788e-09,0.05784
0.11868,0.052011,3.3788e-09,0.057836
0.11868,0.052011,3.3788e-09,0.057836
0.11868,0.052011,3.3788e-09,0.057832
0.11868,0.052011,3.3788e-09,0.057832
0.11868,0.052011,3.3788e-09,0.057828
0.11868,0.052011,3.3788e-09,0.057828
0.11868,0.052011,3.3788e-09,0.057823
0.11868,0.052011,3.3788e-09,0.057823
0.11868,0.052011,3.3788e-09,0.057819
0.11868,0.052011,3.3788e-09,0.057819
0.11867,0.052011,3.3788e-09,0.057815
0.11867,0.05201,3.3788e-09,0.057815
0.11867,0.05201,3.3788e-09,0.057811
0.11867,0.05201,3.3788e-09,0.057811
0.11867,0.05201,3.3788e-09,0.057807
0.11867,0.05201,3.3788e-09,0.057807
0.11867,0.05201,3.3788e-09,0.057803
0.11867,0.05201,3.3788e-09,0.057803
0.11866,0.05201,3.3788e-09,0.057799
0.11866,0.05201,3.3788e-09,0.057799
0.11866,0.05201,3.3788e-09,0.057795
0.11866,0.05201,3.3788e-09,0.057795
0.11866,0.05201,3.3788e-09,0.057791
0.11866,0.052009,3.3788e-09,0.057791
0.11866,0.052009,3.3788e-09,0.057787
0.11866,0.052009,3.3788e-09,0.057787
0.11865,0.052009,3.3788e-09,0.057783
0.11865,0.052009,3.3788e-09,0.057783
0.11865,0.052009,3.3788e-09,0.057779
0.11865,0.052008,3.3788e-09,0.057779
0.11865,0.05201,3.3788e-09,0.057775
0.11865,0.052008,3.3788e-09,0.057775
0.11865,0.05201,3.3788e-09,0.057771
0.11865,0.052008,3.3788e-09,0.057771
0.11865,0.05201,3.3788e-09,0.057767
0.11864,0.052008,3.3788e-09,0.057767
0.11864,0.052009,3.3788e-09,0.057763
0.11864,0.052008,3.3788e-09,0.057763
0.11864,0.052009,3.3788e-09,0.057759
0.11864,0.052008,3.3788e-09,0.057759
0.11864,0.052009,3.3788e-09,0.057755
0.11864,0.052008,3.3788e-09,0.057755
0.11864,0.052009,3.3788e-09,0.057751
0.11864,0.052008,3.3788e-09,0.057751
0.11863,0.052008,3.3788e-09,0.057747
0.11863,0.052008,3.3788e-09,0.057747
0.11863,0.052008,3.3788e-09,0.057743
0.11863,0.052008,3.3788e-09,0.057743
0.11863,0.052008,3.3788e-09,0.057739
0.11863,0.052008,3.3788e-09,0.057739
0.11863,0.052008,3.3788e-09,0.057735
0.11863,0.052007,3.3788e-09,0.057735
0.11862,0.052008,3.3788e-09,0.057731
0.11862,0.052007,3.3788e-09,0.057731
0.11862,0.052007,3.3788e-09,0.057727
0.11862,0.052007,3.3788e-09,0.057727
0.11862,0.052007,3.3788e-09,0.057723
0.11862,0.052007,3.3788e-09,0.057723
0.11862,0.052007,3.3788e-09,0.057719
0.11862,0.052007,3.3788e-09,0.057719
0.11862,0.052007,3.3788e-09,0.057715
0.11862,0.052007,3.3788e-09,0.057716
0.11861,0.052007,3.3788e-09,0.057712
0.11861,0.052007,3.3788e-09,0.057712
0.11861,0.052007,3.3788e-09,0.057708
0.11861,0.052007,3.3788e-09,0.057708
0.11861,0.052007,3.3788e-09,0.057704
0.11861,0.052007,3.3788e-09,0.057703
0.11861,0.052007,3.3788e-09,0.0577
0.11861,0.052007,3.3788e-09,0.0577
0.1186,0.052007,3.3788e-09,0.057696
0.1186,0.052006,3.3788e-09,0.057696
0.1186,0.052006,3.3788e-09,0.057692
0.1186,0.052006,3.3788e-09,0.057692
0.1186,0.052006,3.3788e-09,0.057688
0.1186,0.052006,3.3788e-09,0.057688
0.1186,0.052006,3.3788e-09,0.057684
0.1186,0.052006,3.3788e-09,0.057684
0.11859,0.052006,3.3788e-09,0.05768
0.11859,0.052006,3.3788e-09,0.05768
0.11859,0.052006,3.3788e-09,0.057676
0.11859,0.052006,3.3788e-09,0.057676
0.11859,0.052006,3.3788e-09,0.057673
0.11859,0.052006,3.3788e-09,0.057673
0.11859,0.052005,3.3788e-09,0.057669
0.11859,0.052005,3.3788e-09,0.057669
0.11859,0.052005,3.3788e-09,0.057665
0.11859,0.052005,3.3788e-09,0.057665
0.11858,0.052006,3.3788e-09,0.057661
0.11858,0.052004,3.3788e-09,0.057661
0.11858,0.052006,3.3788e-09,0.057657
0.11858,0.052004,3.3788e-09,0.057657
0.11858,0.052006,3.3788e-09,0.057653
0.11858,0.052004,3.3788e-09,0.057653
0.11858,0.052006,3.3788e-09,0.057649
0.11858,0.052004,3.3788e-09,0.057649
0.11857,0.052005,3.3788e-09,0.057646
0.11857,0.052004,3.3788e-09,0.057645
0.11857,0.052005,3.3788e-09,0.057642
0.11857,0.052004,3.3788e-09,0.057642
0.11857,0.052005,3.3788e-09,0.057638
0.11857,0.052004,3.3788e-09,0.057638
0.11857,0.052005,3.3788e-09,0.057634
0.11857,0.052004,3.3788e-09,0.057634
0.11856,0.052005,3.3788e-09,0.05763
0.11856,0.052004,3.3788e-09,0.057631
