train loss,valid loss
0.14205845911055803,0.13318859650194645
0.12550162291154265,0.11848101164028048
0.11308858555275947,0.10771520221605897
0.10401904443278909,0.09981642815889791
0.09737913310527802,0.09400709458906203
0.09250818996224552,0.08972322610579431
0.08892668830230832,0.08655443568946794
0.08628570893779397,0.0842013314687647
0.08433088439051062,0.08244523089611903
0.08287668693810701,0.08112648161500692
0.0817878064699471,0.08012828429089859
0.08096546877641231,0.07936512809898705
0.08033761533442885,0.07877452021930367
0.07985167694278061,0.07831067639216781
0.07946930336765945,0.07794011219684034
0.07916254305746406,0.07763831203058362
0.07891103229485452,0.0773873176863417
0.07869992847554386,0.07717396360635757
0.07851841836236417,0.07698859181255102
0.07835863321088254,0.07682411565911025
0.07821484550368041,0.07667531962599605
0.07808287837542593,0.07653836624510586
0.07795970048755407,0.07641042908094824
0.07784308749251068,0.0762894015321508
0.07773142878431827,0.07617373873386532
0.0776235501980409,0.07606228024140001
0.07751859095878899,0.07595417145919055
0.07741592347156256,0.07584876745659858
0.07731509394943714,0.07574557974748314
0.07721576385665685,0.07564424643106758
0.07711769582238048,0.07554448543395847
0.07702069939114153,0.0754460849352181
0.07692464615684003,0.07534888672456146
0.07682943809777498,0.07525275657605379
0.07673499791417271,0.0751575952572748
0.07664127252064645,0.0750633253743872
0.07654821942560375,0.0749698794176802
0.07645580568350852,0.07487720398884266
0.07636400440242141,0.07478525045793503
0.07627279427833855,0.07469398872181773
0.07618216297123581,0.07460339505411684
0.07609209162183106,0.0745134453503415
0.07600256707519293,0.074424112402834
0.07591358188074082,0.07433537939190865
0.07582512905355543,0.07424723004829138
0.07573719706851989,0.07415964993275702
0.0756497741676867,0.07407262302935123
0.07556285406462848,0.07398613658174873
0.0754764286102727,0.07390017941780389
0.07539049396291375,0.07381473907455802
0.07530504534952343,0.07372981187142431
0.07522008114028722,0.07364539630990476
0.07513559085782617,0.07356146625243128
0.07505156169645488,0.07347802187036723
0.07496799225918949,0.07339505688939243
0.07488487916998565,0.07331257046014071
0.07480222301091999,0.07323055331129581
0.07472001085989177,0.07314899814408272
0.07463823701255023,0.07306789805926382
0.0745568989077583,0.07298725054040552
0.0744759876979515,0.07290704349707812
0.07439550256822258,0.07282727175205946
0.07431543280836195,0.07274792887922377
0.07423577946610749,0.07266901542525739
0.0741565307835117,0.07259052254725247
0.07407768862321973,0.07251245469413697
0.07399924495257437,0.0724347955668345
0.07392119336873293,0.07235754382424056
0.07384352723602206,0.07228069240320474
0.07376624282915145,0.07220423083007335
0.0736893389839679,0.07212815880589186
0.07361281162593514,0.07205247835908085
0.07353665377013385,0.07197718498762697
0.07346086367033422,0.07190227022394538
0.0733854379504919,0.07182773345150054
0.07331037195399404,0.07175357005000114
0.0732356624212116,0.07167977311927826
0.07316130620893091,0.07160633888561278
0.0730872992426157,0.0715332620413974
0.07301363942679018,0.07146053897496313
0.07294031872879714,0.07138816126249731
0.07286733342334628,0.07131612865999341
0.07279468793421984,0.07124444893468171
0.07272236759308726,0.07117310883942991
0.07265036983881146,0.07110210295952857
0.07257869571913034,0.07103142745513469
0.07250733720138669,0.07096108433045446
0.07243629405274987,0.07089106400776654
0.07236556068528444,0.07082136447448284
0.07229513605125248,0.07075198369193822
0.07222501758951694,0.07068291650991887
0.07215520087629557,0.07061415786016732
0.07208568579517305,0.07054570574266836
0.07201646734029055,0.0704775588074699
0.07194754271768034,0.07040970838209615
0.07187890948262066,0.07034215487446636
0.07181056006811559,0.07027489761589095
0.07174249377567321,0.07020793577190489
0.07167470699641854,0.07014126775739714
0.0716071983333677,0.07007488642260432
0.07153996464330703,0.07000878901500254
0.07147300289943814,0.06994297036528588
0.07140630739741027,0.06987742917519063
0.0713398763909936,0.06981216408498585
0.0712737082503736,0.06974717127578332
0.07120780309196562,0.06968244754336775
0.07114215334877372,0.06961799175757914
0.07107675937004387,0.06955380156403407
0.07101162022445351,0.06948987351590767
0.07094673160463572,0.06942620415333658
0.07088209094945341,0.06936279118340462
0.07081769790966064,0.06929963365755976
0.0707535456167534,0.0692367250630632
0.07068963488563895,0.0691740658339113
0.07062596245668828,0.06911165656987578
0.07056252716574818,0.0690494928713888
0.0704993309918791,0.06898757490096613
0.0704363661352545,0.06892589706042782
0.07037363585550338,0.06886445715557783
0.07031113386619836,0.06880325571168214
0.07024885818827897,0.06874228621181101
0.07018681091722101,0.06868154759472236
0.07012498390395194,0.06862103967228904
0.0700633788947016,0.0685607604146935
0.07000199088361114,0.06850070906337351
0.0699408168438822,0.0684408778147772
0.06987985444720834,0.06838126413105056
0.06981910427566618,0.06832186704874038
0.06975856330245733,0.06826269155321643
0.06969823420513421,0.06820373374316842
0.06963811512105167,0.06814499076223
0.06957820372190326,0.06808645798685029
0.0695184952346608,0.06802813793020322
0.06945899105630815,0.06797002540202811
0.0693996901391074,0.06791212311852723
0.06934058957267553,0.06785442094597965
0.06928168528247625,0.06779691437678412
0.06922297470737249,0.06773960661422461
0.06916446157265455,0.06768249642988666
0.06910614552907646,0.06762558236671612
0.06904802238568664,0.06756886436743662
0.06899009161861613,0.06751233778055757
0.0689323473488912,0.06745600252086296
0.06887478625867516,0.0673998588421382
0.06881741271354258,0.06734390431409702
0.06876021926291287,0.06728813682263717
0.06870320701273158,0.067232554001268
0.0686463721212931,0.06717715614521876
0.06858971883775666,0.0671219396032393
0.06853324279654771,0.06706690367450938
0.06847694114549085,0.06701204716181383
0.06842081679496914,0.06695736793335527
0.06836486724205315,0.06690286764083431
0.06830909155542031,0.06684854399133473
0.06825348740676418,0.06679439357342198
0.06819805491250008,0.0667404186190106
0.06814279203535989,0.06668661439651623
0.06808769423514605,0.06663298150105403
0.06803276453865692,0.06657951913634315
0.06797800189815462,0.06652622707467526
0.06792340311221778,0.06647310343803838
0.06786896748235449,0.0664201468238607
0.06781469279667363,0.06636735303979367
0.06776057777460665,0.06631472593266517
0.06770662183407694,0.06626226316392422
0.06765282090054825,0.06620996096357704
0.06759917252929881,0.06615782292420044
0.06754568353062496,0.06610584091814235
0.06749234750168398,0.06605401177238673
0.0674391639768146,0.066002338394057
0.06738613301422447,0.06595082204323262
0.06733325368259102,0.0658994629830122
0.06728052574908361,0.06584825784433633
0.06722794595407322,0.06579720653872936
0.06717551470501348,0.06574630711087957
0.06712323043029755,0.06569556178245693
0.06707109423587099,0.06564496674295515
0.06701910984702408,0.06559452081518248
0.06696726917289197,0.06554422527737916
0.06691557326121256,0.0654940743688494
0.06686402083141729,0.06544406895618886
0.06681260943878442,0.06539420462865382
0.06676133529981598,0.06534448151104152
0.06671019893838093,0.06529490462411194
0.06665919872466475,0.06524547140439972
0.06660833512432873,0.0651961764972657
0.06655760802095756,0.06514701836928725
0.06650701683247462,0.06509799479227513
0.06645655899774283,0.065049108881969
0.0664062412106432,0.06500036648800597
0.06635605817427859,0.06495176340499893
0.06630601006327197,0.06490329660428688
0.06625609385082498,0.06485496616270393
0.06620631041005254,0.0648067738628015
0.0661566571216099,0.06475871169520542
0.06610713427653536,0.0647107806080021
0.06605773814953864,0.0646629731967114
0.06600847007939592,0.06461529579665512
0.06595933175412938,0.06456775057641789
0.06591032189317048,0.06452033614553511
0.06586143682943657,0.0644730487074703
0.06581267720321193,0.06442588807502761
0.06576404272345826,0.06437885663099586
0.06571553333196789,0.06433195258583874
0.06566714722430333,0.06428517304733396
0.06561888585565612,0.0642385170655325
0.06557074672309682,0.06419198329281062
0.06552273099077865,0.06414557245606557
0.06547483446775004,0.06409928252222016
0.06542705575702712,0.06405311378417537
0.06537939852569252,0.06400706492736935
0.06533186114393175,0.06396113910945132
0.06528444297146052,0.06391533620515838
0.06523714313516393,0.06386965186754241
0.0651899611693807,0.06382408097665757
0.06514289829647169,0.06377862554742024
0.0650959518388845,0.06373328869929537
0.06504911981755868,0.06368807126302273
0.06500240124296397,0.06364297244697809
0.06495579483453184,0.06359798480803147
0.06490930292056873,0.06355311041418463
0.0648629239294678,0.06350834616925567
0.06481665692990646,0.06346368799824267
0.06477050122339278,0.0634191419412382
0.0647244552965276,0.06337471008999274
0.06467851914931089,0.06333038638904691
0.06463269091909751,0.06328617097903043
0.06458697258494794,0.06324206867767498
0.06454136350657791,0.06319807691453025
0.06449586467351764,0.06315419665304944
0.06445047620218247,0.06311042678495869
0.0644051976269111,0.06306675996026025
0.06436002650298178,0.06302320261113345
0.06431496416917071,0.06297975452756509
0.06427000783151016,0.06293641334120184
0.06422515481244773,0.06289317480986938
0.06418040295829996,0.06285004401160404
0.06413575680926442,0.06280701886862516
0.06409121450269595,0.06276409981120377
0.06404677411774173,0.06272128505120055
0.06400244025280699,0.0626785761602223
0.06395820580655709,0.06263596781808883
0.06391407531918958,0.0625934583209455
0.06387004669522867,0.06255104961059987
0.06382612109882757,0.06250874181976541
0.06378229695837945,0.062466538125183435
0.06373857212020084,0.062424433370586487
0.0636949492036365,0.06238242805376649
0.0636514252400957,0.06234052080893889
0.06360799924004823,0.062298711883369835
0.06356467213481665,0.062257004546001554
0.06352144328411669,0.06221539975795895
0.06347831251332536,0.062173899948596956
0.06343527801800519,0.0621324949353002
0.06339233607286587,0.06209119061613456
0.06334949209121987,0.06204998366488144
0.06330674095079303,0.06200887125218287
0.06326408771565184,0.061967852236237374
0.06322152877692133,0.06192692969180644
0.0631790662300773,0.06188610444916412
0.06313669856172055,0.06184537415020168
0.06309442489873618,0.06180473892670125
0.06305224762763828,0.06176420047320425
0.06301016284851357,0.061723759145475926
0.06296816968824714,0.06168341172486544
0.06292626692447811,0.06164315826259553
0.06288445502286777,0.061602996603120116
0.06284273392520845,0.061562925819307564
0.06280110368970782,0.06152294788090512
0.06275956326862797,0.06148305938439444
0.0627181107411161,0.06144326356193051
0.06267674779519439,0.06140355803677812
0.06263547204434872,0.06136394335888326
0.06259428372140974,0.061324423141311854
0.0625531796249561,0.06128499393630773
0.06251216254895553,0.061245653064921496
0.06247123423963785,0.0612063970528543
0.06243039347464219,0.06116722650639713
0.06238964234944433,0.061128141968045384
0.06234897847753018,0.061089147247374055
0.062308400811161846,0.061050235880538824
0.06226791179506108,0.061011411837302146
0.062227511254604906,0.060972675026394425
0.06218719796743244,0.06093402671301738
0.06214697193354368,0.0608954669283703
0.06210683117387816,0.06085699427640066
0.062066773883998394,0.06081861138297245
0.06202680227579549,0.06078031496470794
0.0619869158254005,0.06074210108816624
0.06194711528951302,0.06070397109584883
0.06190740049351007,0.06066593363136053
0.06186776916729286,0.060627985522616654
0.06182822276605293,0.06059012310951948
0.06178875867044553,0.060552341640461235
0.06174937909236178,0.06051464528450742
0.061710081703495234,0.060477031332906335
0.061670865456108004,0.060439498794730755
0.061631727730855346,0.0604020458930172
0.061592673999257386,0.060364671339280904
0.06155370129272342,0.06032737683318555
0.06151480786502361,0.060290164593607184
0.0614759978489019,0.0602530338219367
0.06143727042945102,0.06021598538011313
0.0613986246753484,0.060179012238048016
0.06136005889857188,0.06014212659979239
0.06132157437968999,0.06010532292444259
0.06128317123511806,0.06006860057311132
0.06124485039617866,0.06003195582795888
0.06120660965098068,0.05999538912158459
0.06116844742791727,0.05995889894664288
0.061130361864343286,0.05992248442163691
0.061092351155821234,0.0598861468504183
0.061054417688865215,0.05984988934034482
0.061016560764983296,0.059813708898145704
0.06097877980209887,0.05977760000573471
0.06094107573153451,0.059741568074095995
0.060903449659235775,0.059705614067148416
0.060865902923978865,0.0596697384682484
0.06082843366311863,0.05963393640704453
0.060791038151364774,0.05959821260115132
0.06075372110353783,0.0595625643148087
0.060716479376424104,0.0595269918194972
0.06067931361030787,0.05949148891074583
0.060642223223112524,0.05945606048451737
0.060605209262575954,0.059420711716637015
0.06056827219435945,0.05938543646875769
0.06053141033044085,0.05935023283818737
0.060494624776765704,0.05931510080303997
0.06045791384531185,0.05928004306787625
0.060421277070418,0.05924505869485438
0.06038471241481602,0.05921014716150239
0.06034822028595954,0.05917530807526782
0.060311800334602594,0.05914053942542523
0.060275454248767346,0.05910584004828706
0.060239178070332855,0.059071214608848094
0.06020297302166,0.05903666441841051
0.06016683881171048,0.05900218618148938
0.060130775382276624,0.058967781687621026
0.060094784770626575,0.0589334508953616
0.06005886453203857,0.05889919466851279
0.06002301850821823,0.058865011787507686
0.05998724413802847,0.05883090166095644
0.059951542352791876,0.05879686102131382
0.059915910358540714,0.058762892147060486
0.059880352462641895,0.058728992515709254
0.05984486697707325,0.05869516494451091
0.05980945349438116,0.05866140987118706
0.05977410956984386,0.058627726220525804
0.0597388346795924,0.058594110148958864
0.05970363016240299,0.0585605603614822
0.05966849304968491,0.05852707354770973
0.059633425320498645,0.05849365506321192
0.05959842645097524,0.058460311220027504
0.05956349894404411,0.05842703527817503
0.059528641344513744,0.05839382740203291
0.059493855689652264,0.058360687707550825
0.05945914163021371,0.058327613289933654
0.059424494626000524,0.05829460191912949
0.05938991566654295,0.05826165785267949
0.059355407720431685,0.05822878209501505
0.05932096706237644,0.05819597201095894
0.05928659316850826,0.05816322855232284
0.0592522865626961,0.05813055081805214
0.059218044159933925,0.05809794017486274
0.059183861420024186,0.05806538946274668
0.05914974253391847,0.05803290678188205
0.059115690586622804,0.05800049639539793
0.05908170307520777,0.05796815171698108
0.05904777836985886,0.057935870475135744
0.059013922640588135,0.057903656248934565
0.05898013454861939,0.05787150891125202
0.0589464126387611,0.057839429018553344
0.05891275528119877,0.05780741438549012
0.058879162766970694,0.057775463791564105
0.058845636260230094,0.057743575029540806
0.05881217704154551,0.05771175550483167
0.05877878633327782,0.05768000058829784
0.0587454600026831,0.05764831161266193
0.05871220101835206,0.057616694092750546
0.05867900687735528,0.057585140593815594
0.05864587606629357,0.05755364141939208
0.05861280584940687,0.05752220512367785
0.058579800417646766,0.05749083665478975
0.058546864544041455,0.05745953908469528
0.05851399066159502,0.057428305029403416
0.058481183368712664,0.05739713627565652
0.058448439405765384,0.05736602760059759
0.058415760984644294,0.05733498161984608
0.058383148862048984,0.05730400029709563
0.05835059948731214,0.05727308579254895
0.058318114082794636,0.05724224193906412
0.05828569520963356,0.057211463569663466
0.0582533412380144,0.05718074827105738
0.05822104966500774,0.05715009459550492
0.05818882066523656,0.057119507438736034
0.0581566525506787,0.057088988518575204
0.05812454683473334,0.05705852661025711
0.05809250276070088,0.05702811901923269
0.05806051945546642,0.05699777293391526
0.05802859738469124,0.05696749086887576
0.057996735733468086,0.05693726822617464
0.05796493554953486,0.056907106399303305
0.05793319520307705,0.05687700371188112
0.057901513937395066,0.05684696142212488
0.05786989734042436,0.05681698280456476
0.05783834384055808,0.05678706139395945
0.05780685105128214,0.05675719716679305
0.05777541734278202,0.056727390984073284
0.05774404277326539,0.05669764317269437
0.05771272751735523,0.05666795256081968
0.057681472855620086,0.056638323232065885
0.05765027814777568,0.056608749496750536
0.05761914391769096,0.05657923320867121
0.057588071562349796,0.05654977553267963
0.05755705595947802,0.056520374137442556
0.05752609990304336,0.05649103047489189
0.05749520368408412,0.056461748323403296
0.05746436782646924,0.05643252279912121
0.05743359006009996,0.056403352382127195
0.057402872189413756,0.056374240588629616
0.057372216309886426,0.05634518520720303
0.057341622770763934,0.05631618681619875
0.05731109017506242,0.056287245826562866
0.05728061805712059,0.056258362100226805
0.057250201411079615,0.05622953585255891
0.057219843030907214,0.056200774549972264
0.05718954303301871,0.05617207562411204
0.057159299962222576,0.05614342968445271
0.05712911335285753,0.05611483324505389
0.05709898326313123,0.05608629008871503
0.05706891109002754,0.05605780163127929
0.05703889473807067,0.05602937052841298
0.05700893705943599,0.05600099940295331
0.05697903863620013,0.05597268713545054
0.05694919970119372,0.055944434063276274
0.056919418973848224,0.055916236859746275
0.05688969639595598,0.05588809748995118
0.056860033073462546,0.055860015428392217
0.05683042696909979,0.05583199078356847
0.05680087674409151,0.05580402233265341
0.056771383387967944,0.05577610937249847
0.056741947948466986,0.05574825170915574
0.05671256984351203,0.05572045238758437
0.05668324721045792,0.0556927175107412
0.05665398179553449,0.05566503695654683
0.05662477028090507,0.05563740451866761
0.05659561580978334,0.05560982979042456
0.056566517567262053,0.05558230979507789
0.05653747235191986,0.05555484388465993
0.05650848231744021,0.05552743399422616
0.05647954699816182,0.05550007667881437
0.05645066371653229,0.055472773151937875
0.05642183596501127,0.055445521709974854
0.05639306781813502,0.055418320652795956
0.05636435508495197,0.05539117251010612
0.05633570038480684,0.05536408029822633
0.056307102902792394,0.05533704313775525
0.0562785611837171,0.05531006215140224
0.05625007546041161,0.05528313318057917
0.05622164305532351,0.0552562560364604
0.05619326699525118,0.05522943104454316
0.05616494716377929,0.05520266053685918
0.05613668152363971,0.05517594340234064
0.05610846827039495,0.05514927863888443
0.056080311827827245,0.055122664900962265
0.05605221132282168,0.05509610518277623
0.05602416524197906,0.05506959942216054
0.05599617154803127,0.055043146883603185
0.05596823216183111,0.05501674826908857
0.05594034370733425,0.0549903999757953
0.055912508454639465,0.054964100528042764
0.05588472669478506,0.05493785359384492
0.055856999882962555,0.05491165779903531
0.05582932516699657,0.05488551835506223
0.05580170429311693,0.05485943036805838
0.055774136330001056,0.05483338944427669
0.055746616853866726,0.05480739706149325
0.0557191512780264,0.0547814571429044
0.05569173989351839,0.05475556891178712
0.05566438287496567,0.05472973407059908
0.05563708092086017,0.054703951766947284
0.05560983286704868,0.05467822045297362
0.05558263504644856,0.054652539484901355
0.055555488681420684,0.05462690964131616
0.05552839586744085,0.054601327179698275
0.055501352762803435,0.05457579340203665
0.05547436006600037,0.05455031070066616
0.05544742027996108,0.054524880805052814
0.05542053381213918,0.05449949765624478
0.05539370101178065,0.05447416317812167
0.055366920365486294,0.05444887826428749
0.05534019187325612,0.05442364316130988
0.05531351605895907,0.054398455139016734
0.05528688995400444,0.05437331141368486
0.05526031373301521,0.05434821638208814
0.05523378629004583,0.05432316795433872
0.0552073092549108,0.05429816933744587
0.0551808828022331,0.05427322192699648
0.05515450891107321,0.054248323553940284
0.055128186591900885,0.05422347379056737
0.05510191456414759,0.054198672538856046
0.05507569416658953,0.05417391985747963
0.055049527203664184,0.0541492129645776
0.0550234101829119,0.05412455407856032
0.05499734100885689,0.054099943993147465
0.054971324338112026,0.05407537799910642
0.054945355164818466,0.05405085761705414
0.054919435060583055,0.05402638559113257
0.0548935643164441,0.054001964240334925
0.05486774194287136,0.053977592916926366
0.05484196916222572,0.053953268610639496
0.05481624434469268,0.05392899263021536
0.05479056981857866,0.05390476413536817
0.05476494337199256,0.05388058558665216
0.05473936308408156,0.05385645353631117
0.054713831399567425,0.05383236821414903
0.054688349890057,0.05380833182972856
0.054662922804709524,0.05378434854163788
0.054637548280879855,0.0537604148639366
0.05461222300073132,0.05373652539774775
0.054586943646427244,0.05371268357476219
0.054561713244766,0.05368888989696279
0.05453653319273144,0.053665145318489524
0.05451140453806147,0.05364144869311713
0.05448632891057059,0.053617801933316514
0.05446130293421447,0.05359420159203
0.054436323523987085,0.05357064487808384
0.05441139283357188,0.05354713318729773
0.054386511677876115,0.053523665847955273
0.05436167976586148,0.05350024786009453
0.0543368955841288,0.05347687648795545
0.05431215657154098,0.05345355528732762
0.0542874657548964,0.05343028158112429
0.054262823483441025,0.05340705419471487
0.054238228825852275,0.05338387403357774
0.05421368684619665,0.0533607399656903
0.054189194459468126,0.05333765228837729
0.054164748289622366,0.05331461107172072
0.05414034967543557,0.05329162004683167
0.05411599931539968,0.05326867486117408
0.05409169662743807,0.05324577836599201
0.05406744248466566,0.0532229303936474
0.054043236130382866,0.053200128493364904
0.05401907704072073,0.053177375417901206
0.05399496725294739,0.0531546692638658
0.05397090531187132,0.053132009056862446
0.05394688970409334,0.053109398381318895
0.053922923863865435,0.05308683130866848
0.05389900307636708,0.05306430653599091
0.05387512763263658,0.05304182958160527
0.05385130160721019,0.0530194001942873
0.053827524243388325,0.05299701678543352
0.05380379222333431,0.05297468107333407
0.05378011043649167,0.05295239054784179
0.05375647486653179,0.05293014850956388
0.053732887376099825,0.05290794876147993
0.05370934680104256,0.05288579292036593
0.05368585343239829,0.052863683512667195
0.053662406804505736,0.05284162081731483
0.05363900802331045,0.05281960340566002
0.053615657438058406,0.052797631616937
0.05359235208015889,0.05277570344111882
0.05356909066904336,0.0527538126106374
0.05354587355395779,0.052731961279176176
0.05352270172443241,0.052710152491461486
0.05349957861471921,0.052688384875189516
0.05347650113981217,0.052666660001967104
0.05345346755348146,0.05264497988764197
0.053430481988471,0.05262334834644571
0.053407541185151786,0.0526017569291871
0.05338464438682422,0.05258020977955311
0.0533617939800024,0.05255870635132305
0.0533389876363799,0.05253724514576606
0.05331622686935589,0.052515826053451745
0.053293508768547326,0.05249444676376879
0.05327083315933123,0.0524731089763809
0.05324819980887696,0.05245181215857156
0.0532256115693599,0.05243055723258294
0.053203067858703434,0.05240934899449348
0.05318057019030675,0.05238818748854101
0.05315811873879284,0.05236706801643595
0.05313571123406291,0.0523459915232379
0.05311334796715528,0.05232495886064135
0.05309102701721713,0.05230396963562817
0.05306874914094806,0.05228302024956793
0.05304651433834806,0.05226211414649151
0.05302432115422562,0.05224124704790302
0.05300217476906255,0.05222042418667115
0.05298007413512096,0.0521996464470867
0.05295802128966898,0.0521789121737238
0.052936013671569526,0.052158218864817175
0.05291404848685488,0.05213756834482774
0.05289212439674884,0.052116960085229945
0.05287024629069492,0.05209639550466091
0.052848414110485464,0.05207587162568234
0.05282662506215274,0.05205538744758815
0.052804878214374185,0.05203494450170547
0.0527831731014885,0.0520145482274238
0.05276151216821745,0.05199419798329472
0.052739893610123545,0.051973886015359315
0.05271831958089024,0.05195361366611905
0.05269678740296513,0.051933378264773636
0.052675299055408686,0.05191318404208869
0.05265385122038424,0.05189302876358852
0.05263244593515992,0.051872913307510315
0.052611082792282104,0.051852841595886275
0.05258976196637377,0.051832810076652094
0.05256848398130387,0.05181281771720387
0.052547248313203454,0.05179286487097852
0.05252605437999591,0.051772950589191166
0.05250490247271955,0.05175307540246286
0.05248379532713443,0.051733241527108474
0.052462732477579266,0.05171344788186252
0.052441709383856505,0.05169369356241077
0.052420729072764516,0.0516739775610622
0.05239979090401903,0.05165430056070909
0.05237889714771882,0.051634662746218966
0.05235804832773283,0.05161507073859684
0.05233724106801674,0.05159551982721314
0.05231647769687697,0.051576010747812685
0.05229575472185388,0.05155654361960478
0.052275072201155126,0.05153711726237088
0.052254433976486325,0.05151772907655686
0.05223383923294023,0.05149838139722124
0.05221328843617812,0.051479070087429135
0.052192776172887534,0.051459793083835394
0.05217230401467532,0.051440555365523326
0.05215187190333381,0.05142135500372388
0.052131481177639216,0.05140219336631708
0.05211113259429112,0.05138307084864937
0.05209082510555163,0.05136398696969263
0.05207055853679776,0.05134494144958444
0.05205033137463033,0.05132593391789123
0.05203014804283157,0.05130696821818128
0.05201000673696399,0.051288043615408244
0.051989903673529625,0.05126915545528755
0.051969842112157494,0.05125030774762854
0.0519498196663335,0.051231499236775564
0.051929837674833834,0.05121272932249121
0.051909896661527455,0.051193998639239
0.05188999400706962,0.05117530672135763
0.05187013145769015,0.05115665424009785
0.05185030767461285,0.05113804110884666
0.05183052574284375,0.051119468225864696
0.051810783974360675,0.05110093314619735
0.05179107957519591,0.05108243458089419
0.05177141499007121,0.05106397204799577
0.051751789811532944,0.051045547070913015
0.05173220339929685,0.05102715986571275
0.05171266052639112,0.05100881026592106
0.05169315537204966,0.05099050093255937
0.051673690672032535,0.050972230695188046
0.05165426596067846,0.05095399717846885
0.051634880306664854,0.050935800303239374
0.05161553545622155,0.05091763798822649
0.05159622960491106,0.050899515103083104
0.05157696170499548,0.05088142708083615
0.051557733851950616,0.0508633759948425
0.051538544124923646,0.050845363087253646
0.051519394444767386,0.05082738744677044
0.05150028353091329,0.05080945015652105
0.0514812144683674,0.050791551422094926
0.051462183182593435,0.05077368759480305
0.05144319171085954,0.05075586171797477
0.05142423970391974,0.05073807425820269
0.05140532640507445,0.050720323159825054
0.05138645274564624,0.05070260835136287
0.05136761692119762,0.05068492821324617
0.0513488199794665,0.050667285965988414
0.05133005988318473,0.050649682682938874
0.05131133768009022,0.050632117059547455
0.05129265447612852,0.05061458287457936
0.05127400817582384,0.05059708307939582
0.05125539947766811,0.050579614917980506
0.05123682867269963,0.050562183496775104
0.05121829727431759,0.050544786403654146
0.051199807261582464,0.05052742587472312
0.051181356073357165,0.05051010131277144
0.05116294417530298,0.05049281215202063
0.05114456691080704,0.05047555647464469
0.05112622457090765,0.050458334365393966
0.05110791767947376,0.050441148091107606
0.05108964774990454,0.05042399660102092
0.05107141617918387,0.050406880186637866
0.05105322226881981,0.05038980110222474
0.05103506654268131,0.05037275928584859
0.05101694923359901,0.05035575544880703
0.05099887104006484,0.0503387886681594
0.05098083126358688,0.05032185432687402
0.050962827808689326,0.050304955094819886
0.050944863352924585,0.05028809304069728
0.05092693824553862,0.05027126664645039
0.05090904847020283,0.05025447503407486
0.05089119618060067,0.05023771858075634
0.05087338178418577,0.050220994157949464
0.05085560359293595,0.05020430286996998
0.050837859918829054,0.05018764427187852
0.05082015390507877,0.0501710213473998
0.050802484969608486,0.05015443270490505
0.05078485165722668,0.050137874363455924
0.050767251930665225,0.050121348844142634
0.0507496875943616,0.050104856574209405
0.05073215736774728,0.05008840371179395
0.050714666256681085,0.05007198498607613
0.05069721315521747,0.05005559888668358
0.050679797772318125,0.05003924575680867
0.05066242057364434,0.0500229238094762
0.0506450782995671,0.050006636053789404
0.05062777118291706,0.04999038181710057
0.05061049747746438,0.04997416091803461
0.05059326102491468,0.04995797269279137
0.050576060137245804,0.04994181936024688
0.05055889597861096,0.04992570393765345
0.050541767675895244,0.049909621184458956
0.050524673715699464,0.049893572825472805
0.050507615436799824,0.04987755519058555
0.05049058859003708,0.04986157002300024
0.05047359730815515,0.049845616816543044
0.050456638738978654,0.0498296972613316
0.050439715036191046,0.049813810856081546
0.050422826898284256,0.04979795773024671
0.05040597455808893,0.0497821393602062
0.050389158772304654,0.04976635427842848
0.05037238128716126,0.04975060072960332
0.05035563977435231,0.04973488218081184
0.05033893237123266,0.04971920045441948
0.050322260067332536,0.049703552588121966
0.05030562065076083,0.049687936058966445
0.05028901476180181,0.04967235344205983
0.05027244391385466,0.04965679992875084
0.05025590461445972,0.049641280359355736
0.05023939907550812,0.04962579390965402
0.05022292886860669,0.049610343577340246
0.050206494925078005,0.049594930253690106
0.05019009707029909,0.0495795505696442
0.05017373448936269,0.049564205257222056
0.050157406367361546,0.04954889394738712
0.050141115963924676,0.0495336138503626
0.05012485908810049,0.04951836528535932
0.05010863614734262,0.04950314533547498
0.0500924481311813,0.049487957570469004
0.05007629364263266,0.04947280702390708
0.05006017052801326,0.04945768770785071
0.05004408105742186,0.049442598360124976
0.0500280256383121,0.04942754136770964
0.050012000661809,0.049412521546008066
0.049996010900940746,0.04939753362117335
0.04998005321249366,0.04938257838017307
0.049964131612796336,0.04936765562812798
0.049948242492973804,0.04935275730164722
0.04993238719180226,0.049337891366798434
0.04991656501078978,0.049323057304834945
0.04990077734692022,0.04930825356952846
0.04988502262858674,0.049293480779975654
0.04986930126324296,0.04927873944072053
0.04985361365834251,0.049264030085643756
0.04983795742737129,0.04924935303372331
0.04982233594637364,0.04923470829194412
0.04980674904072657,0.04922009430732578
0.049791195429861546,0.04920551159069873
0.04977567686000839,0.049190960770472886
0.049760192923713475,0.04917643907410093
0.049744739197194576,0.049161947777029126
0.04972932004602626,0.049147486180532725
0.04971393325831741,0.049133053954923525
0.04969857772812247,0.04911865255259909
0.0496832532226108,0.049104282734682786
0.0496679624193348,0.04908994197053835
0.049652704037725925,0.04907563212630339
0.049637477670330554,0.049061353844357655
0.04962228413205594,0.04904710578802042
0.049607121443841606,0.049032887681620195
0.0495919908862561,0.04901869499171153
0.04957688978174701,0.04900453273602761
0.04956182005116716,0.0489904006482102
0.04954678181093186,0.048976298002758996
0.04953177401330322,0.0489622250162065
0.04951679764781147,0.048948177532525734
0.04950185352936387,0.0489341584588401
0.04948694055201486,0.048920168122509496
0.049472058133687824,0.04890620622225106
0.049457205284852535,0.048892269268399104
0.049442382412962615,0.04887836145213805
0.0494275888777338,0.04886448338930495
0.049412827589549124,0.048850634589791296
0.04939809540519491,0.04883681449457072
0.04938339639920741,0.04882302199676633
0.04936872760299593,0.04880925867310725
0.049354089598637074,0.048795525824651124
0.04933948238613084,0.04878182391147129
0.04932490742066875,0.048768149574054405
0.04931036336347461,0.0487545041712001
0.049295850563794374,0.04874088596692309
0.04928136698435992,0.048727295744000004
0.04926691419677809,0.04871373281092383
0.049252491211518645,0.04870019849669188
0.04923810064792633,0.048686696491902694
0.04922374145826325,0.04867322136252187
0.04920941242016852,0.048659773543011396
0.04919511644402519,0.04864635343966074
0.04918085096869618,0.04863296510674991
0.04916661523748189,0.04861960648559034
0.049152410530950874,0.04860627609794028
0.04913823661627248,0.048592971233418214
0.04912409087410197,0.048579692321131004
0.04910997423576191,0.04856644259649329
0.04909588710870594,0.04855322420084849
0.04908183193765581,0.0485400347285904
0.049067805346567184,0.048526872583664955
0.04905380995478481,0.048513737994479014
0.049039843725040555,0.04850063078152016
0.04902590601705015,0.04848755035176873
0.04901199747109786,0.04847449651942588
0.04899811965879053,0.048461469260044396
0.04898427036823705,0.04844846828980371
0.04897045070538297,0.0484354949509725
0.04895665944786742,0.04842254905193113
0.048942899447865784,0.04840963024576195
0.048929168784525245,0.048396736874012275
0.048915464838501066,0.04838387046917342
0.048901788890361786,0.0483710323816631
0.04888814262812957,0.04835821943008341
0.04887452634284273,0.04834543361258693
0.04886093834647909,0.04833267774130218
0.048847378813661635,0.048319949547760185
0.04883384850108996,0.0483072465211153
0.04882034403271973,0.04829457012889907
0.04880686820251867,0.048281919867964464
0.048793422407470644,0.04826929557649419
0.04878000559983775,0.04825669578532688
0.04876661510206759,0.04824412230937742
0.048753253067843616,0.048231572279473764
0.04873991955537349,0.04821904924884438
0.04872661380795762,0.04820655450364575
0.04871333803748712,0.04819408726482652
0.04870008968282491,0.04818164490931667
0.04868686862755567,0.0481692296534311
0.04867367586120963,0.04815683841356076
0.04866051208227873,0.04814447667333297
0.04864737519528717,0.04813213701196946
0.04863426793599501,0.04811982220364735
0.04862119001336396,0.048107534477952865
0.04860813816776499,0.04809527090308256
0.04859511379618198,0.048083033080445606
0.048582117655314505,0.04807082274043933
0.04856915067648515,0.048058638190617786
0.048556210414972156,0.0480464784828946
0.04854329681256786,0.04803434655442834
0.048530411324463785,0.04802224552724511
0.048517553019337356,0.04801016718451865
0.04850472282851115,0.047998115205438806
0.048491920228116214,0.047986087586265054
0.048479143471922725,0.04797408318100497
0.048466394597198814,0.04796210561529733
0.04845367337111384,0.04795015654945746
0.04844097973546013,0.04793823181255721
0.04842831118730828,0.04792633196641691
0.04841566941468045,0.047914456591941414
0.048403055290691555,0.04790260541299358
0.04839046613778919,0.047890783324604856
0.0483779048663564,0.047878992055775595
0.04836537048686296,0.047867227405076845
0.04835286445450038,0.04785548941115849
0.048340385081246495,0.04784377728193067
0.04832793620880693,0.0478320888124872
0.048315514519345015,0.04782042483123951
0.04830311780096963,0.04780878533096984
0.04829075024463236,0.047797169427620245
0.04827840637881309,0.04778557916008867
0.048266090801917017,0.04777401652233675
0.04825380101101473,0.047762479463592175
0.04824153723893687,0.04775097142416052
0.048229299660306424,0.047739488046849146
0.04821708757663146,0.047728028187528256
0.04820490116253495,0.04771659178030677
0.04819274158217013,0.04770517887384631
0.04818060906836763,0.0476937892138958
0.04816850437782705,0.04768242285307497
0.04815642349421978,0.04767108199582435
0.04814436938613653,0.047659766150871294
0.048132340249139816,0.04764847163157537
0.04812033532653004,0.047637200865196065
0.0481083556660451,0.0476259560349863
0.048096400510985404,0.04761473344569094
0.048084470559842885,0.047603533297078685
0.04807256598724052,0.047592358271824196
0.048060686502140015,0.04758120845910162
0.04804883245378733,0.04757008305820636
0.04803700326010585,0.04755897761881352
0.04802520002704114,0.04754789548460394
0.04801342205610126,0.04753683645883575
0.04800166963832453,0.04752579893916845
0.04798994155135006,0.047514785941923036
0.04797823878470808,0.04750379653926939
0.04796656145481393,0.04749282984738238
0.04795490903779864,0.04748188656638377
0.04794328159186989,0.047470966693246734
0.04793167917523533,0.04746007136371918
0.047920101264026016,0.04744920017663389
0.0479085486731492,0.04743835312244482
0.04789702093694359,0.04742752898810431
0.04788551892852411,0.04741672598244622
0.047874040028546005,0.047405944326194
0.04786258586682379,0.047395184871274976
0.04785115324193612,0.04738444851874374
0.04783974483143538,0.04737373592145741
0.04782836022786796,0.04736304440884851
0.04781699931481853,0.04735237725940533
0.047805661626625806,0.047341732618166134
0.04779434984084219,0.04733111275546253
0.04778306419029832,0.047320513513404876
0.04777180188102648,0.0473099338891916
0.04776056279661134,0.04729937734571286
0.04774934897432104,0.04728884399170056
0.04773815954104066,0.04727833155216649
0.047726993157994,0.047267840159358455
0.047715850989334285,0.04725737174320966
0.04770473303506151,0.04724692691746168
0.0476936399936676,0.047236505473963915
0.047682571748737246,0.04722610510000959
0.047671526845078915,0.047215727684320884
0.04766050464240834,0.04720536884921603
0.04764950554817915,0.04719503065152094
0.047638532414566725,0.04718471536133438
0.04762758454307914,0.0471744236452505
0.04761665960540995,0.04716415165131912
0.04760575742693618,0.04715390028594993
0.04759487876435742,0.047143668545410036
0.04758402262814343,0.04713345894217491
0.047573191463015974,0.047123268639901655
0.047562381776515394,0.047113100057234986
0.04755159537307918,0.04710295108309947
0.04754083091393113,0.047092821696773174
0.047530088922940195,0.047082713630283254
0.04751936945831403,0.047072626180714
0.04750867118127644,0.047062558256322516
0.047497994266450405,0.04705251101986505
0.047487341915257275,0.04704248450393789
0.047476711857598275,0.04703248110064305
0.04746610455913469,0.04702249946561642
0.04745551914675161,0.047012540441006424
0.047444955969695,0.04700260357093066
0.04743441607570276,0.046992688021156935
0.04742389923194423,0.04698279366828501
0.04741340468171984,0.04697292123385705
0.0474029341712594,0.04696307022171095
0.04739248560508713,0.04695323799364269
0.047382058342918754,0.04694342837226577
0.04737165622645989,0.04693364038434811
0.04736127651995048,0.046923871351173145
0.04735091852489859,0.04691412366600707
0.04734058084432036,0.04690439440729097
0.04733026627218351,0.0468946862895973
0.047319975041318685,0.046884999863337724
0.04730970598757267,0.04687533260881901
0.04729945823783055,0.046865687160519885
0.04728923295624554,0.04685606253426522
0.047279029386118054,0.04684645851375535
0.047268847993109375,0.046836875799810516
0.04725868860259652,0.046827313059475274
0.047248548886273056,0.046817768258508294
0.04723843070678413,0.04680824218899943
0.047228333831299096,0.04679873640788719
0.047218259307555854,0.04678925091167912
0.04720820829970762,0.046779786489438265
0.04719817655859515,0.04677034371206537
0.04718816833337769,0.04676092369505204
0.0471781812957488,0.04675152524630539
0.04716821637703106,0.04674214720330201
0.047158273635432124,0.04673278935439885
0.04714835272170603,0.046723452190868556
0.04713845334481448,0.04671413520001806
0.04712857457343489,0.04670483636739664
0.04711871617473662,0.04669555560941808
0.04710887867258862,0.04668629564228468
0.04709906078642234,0.04667705548251979
0.047089263214729726,0.046667836351087316
0.0470794879947789,0.04665863875136711
0.04706973599968478,0.0466494620742742
0.04706000577425584,0.04664030353887938
0.047050296154338866,0.04663116305554286
0.04704060830408707,0.046622043314389884
0.04703093849821016,0.04661294183135033
0.04702128819189966,0.04660385937336832
0.04701166017912328,0.04659479532740079
0.047002052422612906,0.04658574879029766
0.046992464864160866,0.046576721315504985
0.04698289866792038,0.04656771231861785
0.04697335325181484,0.04655872305831872
0.04696382995462045,0.04654975378024392
0.04695432825246826,0.046540803746087475
0.046944846981205046,0.04653187494748272
0.04693538573337719,0.04652296409476549
0.04692594375228509,0.046514070874545725
0.04691652220208198,0.04650519564002752
0.04690712079172954,0.0464963393046055
0.04689773987047374,0.046487502166768536
0.046888379321899265,0.046478684297762814
0.04687903745798394,0.04646988492063247
0.046869715268258005,0.04646110422443599
0.046860413218382746,0.046452341648284344
0.04685113247251138,0.04644359484920278
0.04684186971280724,0.046434865003218875
0.04683262761682272,0.04642615219973959
0.04682340269209817,0.046417456586612386
0.046814198314677924,0.04640877931565046
0.04680501110851765,0.0464001208092086
0.04679584386758506,0.04639148037135601
0.046786694263573736,0.04638285755715333
0.04677756386809051,0.04637425263156183
0.04676845169160515,0.04636566620809026
0.046759357559494674,0.04635709847416729
0.04675028315978125,0.04634855115250684
0.04674122895812616,0.04634002141724341
0.04673219396499917,0.04633150855707936
0.04672317759832367,0.04632301252661273
0.046714182710275054,0.04631453303294256
0.04670520609943196,0.046306069186888635
0.046696248289663345,0.0462976240683347
0.04668730986304581,0.04628919945680536
0.04667839256580919,0.046280794789781796
0.04666949238162488,0.04627240625745617
0.04666061059106141,0.0462640353855677
0.046651749522425234,0.04625568348984234
0.04664290603250265,0.04624735168227926
0.046634080819785595,0.046239035907667134
0.04662527417531237,0.0462307347971946
0.04661648429464549,0.04622245164006017
0.046607712807599455,0.046214186280267314
0.04659895785152912,0.04620593684795313
0.04659022216219455,0.046197705419501287
0.04658150626346469,0.04618949343613349
0.046572808700148016,0.04618129915255122
0.04656412859912962,0.04617312162509188
0.04655546694993973,0.0461649595038034
0.04654682282125577,0.04615681163221598
0.04653819452505559,0.046148677290650086
0.04652958660153672,0.04614056143094786
0.04652099753729999,0.04613246162305586
0.04651242838008329,0.046124377046246084
0.04650387802394107,0.04611631045723334
0.0464953474001959,0.04610826108022593
0.04648683511186391,0.04610023002279923
0.04647834115894511,0.04609221596992575
0.04646986327134073,0.04608421854651533
0.04646140424301848,0.046076236586319284
0.04645296168746427,0.046068270228337496
0.04644453740911558,0.04606031987979077
0.046436130709480494,0.04605238572647795
0.04642774089006707,0.04604446892277338
0.046419369406066835,0.04603656792454421
0.0464110157918185,0.046028681048890574
0.046402679465245456,0.04602080864296295
0.04639436030993238,0.04601295235170983
0.04638605983927846,0.04600511359609664
0.04637777782045305,0.045997288830578326
0.046369513613171875,0.0459894789531827
0.046361268090549856,0.045981686994433404
0.04635303927352652,0.045973910071654245
0.04634482756955549,0.045966150866588576
0.046336633211467415,0.04595840743160807
0.04632845614105463,0.0459506816000212
0.04632029659114778,0.045942968585994094
0.04631215217523277,0.04593526965868659
0.0463040258619003,0.04592758565302938
0.04629591526463628,0.045919915627455336
0.046287819801364094,0.045912263344042005
0.046279741916805506,0.04590462518716231
0.04627168271690607,0.04589700375474058
0.04626364051364362,0.04588939741067588
0.046255614899564534,0.04588180857291445
0.04624760610749945,0.04587423556274734
0.046239614428486675,0.04586667666956783
0.04623163864016533,0.04585913458443247
0.04622367781121284,0.04585160743142478
0.04621573362965137,0.045844097278779375
0.04620780504774302,0.04583660134254024
0.0461998944520019,0.04582912361179479
0.046191999688744545,0.04582166025624611
0.04618411947740242,0.04581421187473461
0.04617625707760453,0.045806778912665325
0.046168410510290414,0.045799358590738845
0.04616058012470603,0.045791952186496926
0.046152766328305006,0.04578456062753685
0.04614496818976477,0.045777184021659194
0.04613718733889982,0.045769823002861816
0.04612942220410332,0.04576247755112126
0.04612167307641357,0.045755148456199095
0.04611394216772169,0.04574783459631726
0.04610622697509825,0.045740533652948216
0.04609852854628116,0.04573324573389254
0.0460908452514559,0.04572596813132986
0.04608317872043699,0.04571870494936593
0.04607552714878693,0.04571145686600357
0.046067892923019826,0.045704225639346986
0.04606027569388971,0.045697010011645035
0.046052674239035696,0.04568980712094344
0.046045088674873114,0.04568261800403707
0.04603751818649471,0.045675444314023476
0.04602996294852346,0.045668283904204146
0.046022423543035984,0.04566113665536977
0.046014901250600815,0.04565400280174799
0.04600739275338128,0.045646882307715714
0.04599989874986932,0.04563977730600163
0.045992419647518545,0.04563268724759109
0.0459849564358592,0.04562561171525158
0.04597750864923,0.04561855110782199
0.045970075763762,0.04561150537990034
0.04596265789587051,0.04560447423090227
0.04595525423064828,0.04559745685546659
0.04594786651432514,0.04559045337466523
0.04594049358274788,0.04558346770214848
0.04593313694931567,0.04557649683509953
0.045925794751383364,0.04556954001169652
0.045918466115836054,0.0455625962279737
0.0459111524396576,0.04555566553864628
0.04590385337360203,0.0455487472647801
0.0458965704892762,0.04554184362594969
0.04588930186582729,0.045534957790281626
0.04588204767787829,0.04552808653307147
0.04587480815825984,0.04552123058098368
0.045867584354709834,0.045514389069518074
0.04586037539411336,0.04550756202102639
0.045853182615246624,0.04550074779661372
0.04584600304951891,0.0454939459997695
0.04583883885061368,0.04548715660558082
0.04583168850513175,0.04548038191301748
0.04582455230411142,0.04547361960378476
0.04581743013113737,0.04546687142830342
0.045810320996679366,0.04546013730671257
0.04580322775291279,0.045453415304189546
0.0457961474894546,0.04544670570129529
0.04578908224357292,0.045440012123435736
0.04578203137498349,0.0454333327319473
0.045774994592648,0.04542666678130627
0.04576797183835879,0.04542001338466071
0.04576096299570054,0.045413374937837946
0.0457539691706188,0.04540674981661141
0.04574698768556118,0.04540013803821057
0.045740022673271596,0.0453935381625779
0.045733072445727885,0.04538695173710584
0.04572613682830706,0.045380379057023676
0.04571921582100913,0.045373818732099606
0.045712308841757476,0.04536726984474808
0.04570541804423556,0.04536073547042906
0.04569854069268331,0.045354212449863554
0.04569167725276202,0.045347701583988966
0.04568482650211081,0.04534120354405604
0.04567799059441313,0.04533471757639199
0.045671166910324246,0.04532824536086991
0.04566435725428164,0.045321785521693525
0.045657560403924435,0.04531533942045644
0.04565077886218205,0.045308904494158926
0.04564401041716337,0.04530248131416738
0.04563725693151355,0.04529607038758695
0.04563051729928702,0.045289673143066464
0.04562379088019952,0.04528328886651434
0.045617079245857894,0.04527691677073017
0.045610380300786346,0.045270556576550006
0.0456036941614002,0.045264209690736606
0.0455970213515684,0.04525787772005424
0.04559036163846031,0.045251558616524565
0.04558371496386826,0.045245251646498216
0.04557708144420758,0.04523895838833414
0.04557046387344599,0.045232678732369094
0.04556386009790003,0.045226412425749006
0.045557270175777376,0.04522015808452852
0.04555069247726351,0.04521391695551574
0.04554412805009633,0.04520768929179758
0.045537575671914965,0.04520147582842037
0.04553103679791093,0.045195273612625896
0.045524512010160834,0.04518908242927864
0.04551800177432597,0.04518290436430834
0.04551150440238416,0.04517673781234771
0.04550501884659752,0.04517058312171139
0.04549854795914143,0.04516444280138239
0.04549209028482437,0.045158314652973784
0.04548564529977739,0.04515219792746939
0.04547921410994604,0.045146092626266184
0.04547279595863074,0.04513999737822451
0.04546639119507745,0.045133912703953685
0.0454599978402257,0.04512783977971412
0.04545361700002104,0.045121779937064274
0.04544724780134857,0.04511573071661405
0.045440892048645765,0.04510969352303073
0.04543454688973725,0.045103667206130925
0.045428213954437524,0.04509765296545811
0.04542189324274659,0.04509164993744343
0.045415584929287434,0.045085659732110796
0.04540928843198344,0.045079681223258374
0.04540300398366526,0.04507371600088663
0.04539673333056271,0.045067762728082016
0.04539047565776855,0.045061822013696656
0.04538423026679084,0.0450558908120729
0.04537799640092999,0.04504997195745818
0.045371772488579154,0.04504406483285129
0.0453655612654984,0.04503816976491362
0.04535936197498813,0.04503228585212492
0.04535317420959473,0.04502641252963804
0.04534699796931818,0.045020550279412416
0.045340834476519376,0.045014699045103045
0.04533468442969024,0.04500886234967038
0.04532854654826224,0.045003038744907825
0.0453224204829894,0.04499722696747631
0.045316306059248745,0.04499142744392157
0.045310203393455595,0.04498563999054022
0.04530411458108574,0.044979862039210276
0.04529803682817146,0.04497409467282705
0.04529197158990428,0.0449683376296889
0.045285917876753956,0.04496259194612503
0.04527987673645839,0.04495685745566152
0.04527384659741074,0.044951131612760944
0.04526782798347995,0.044945416457485406
0.04526182095287368,0.04493971319752745
0.045255824690684676,0.044934021897846836
0.04524984210729599,0.044928342482307926
0.04524387122364715,0.044922673855209726
0.045237910642754287,0.04491701667290181
0.045231962110847235,0.04491137034166604
0.04522602364886552,0.044905736054992304
0.0452200960717164,0.044900113615440204
0.04521418071817607,0.04489450167957693
0.04520827572559938,0.04488890005485155
0.04520238266559318,0.0448833082523197
0.04519650019938126,0.04487772567081265
0.04519062885083258,0.04487215265166014
0.045184769318439066,0.04486658979440108
0.04517892037983984,0.044861036614980546
0.04517308174399659,0.044855493910377846
0.045167254633270204,0.04484996087406762
0.04516143858199939,0.04484443865111098
0.04515563399763778,0.04483892663032748
0.045149840239901096,0.044833426592405884
0.04514405911322683,0.04482793746353127
0.045138289337046444,0.04482245802297257
0.04513253102777526,0.0448169891606085
0.045126783777959645,0.04481153059843928
0.04512104846071452,0.04480608353298157
0.04511532443575561,0.04480064514442347
0.045109612168744206,0.04479521708656103
0.04510391119401902,0.04478979919874109
0.045098221162334085,0.044784391757333654
0.04509254114236683,0.04477899523056112
0.04508687264751643,0.04477360853645951
0.04508121433900669,0.04476823190576397
0.045075566915329546,0.04476286518597044
0.04506993031827733,0.04475750651489943
0.04506430379115045,0.04475215880805627
0.04505868803244084,0.04474681907775812
0.04505308222724125,0.04474148928723298
0.045047489868011326,0.04473617123183794
0.045041907229460776,0.04473086322308518
0.04503633559215814,0.044725564160384236
0.04503077390836552,0.044720274698687716
0.04502522456459701,0.04471499569714069
0.045019684883300215,0.044709727511741224
0.04501415597042069,0.04470446970500052
0.04500863794237375,0.04469922186015174
0.04500312911113724,0.04469398397277109
0.044997631048318,0.04468875500420109
0.04499214346287772,0.044683536125114186
0.04498666612198576,0.044678325471933934
0.044981200131587684,0.044673124626511705
0.04497574322158471,0.04466793352155946
0.04497029824415222,0.044662751956144345
0.044964863918721676,0.04465758002386428
0.0449594400706701,0.04465241771703586
0.04495402588509023,0.04464726487360895
0.04494862223509699,0.04464212159323506
0.044943229644559324,0.04463698898651637
0.04493784683290869,0.04463186530023813
0.044932472868822515,0.044626750598894434
0.0449271104298532,0.044621644909260794
0.04492175788618624,0.04461654806579463
0.04491641419008374,0.044611459300853314
0.04491107939975336,0.044606379873817784
0.04490575467934832,0.044601310881786045
0.0449004391557537,0.04459625054011122
0.04489513422595337,0.044591198415029794
0.04488983884220943,0.04458615446044132
0.04488455457612872,0.0445811196740251
0.044879281835164875,0.044576094263233244
0.04487401928054169,0.044571078379638494
0.0448687668540515,0.04456607278157026
0.04486352438107133,0.04456107788067311
0.044858291221316904,0.04455609273770824
0.044853068073280156,0.044551114288158715
0.044847853132523596,0.044546144927851854
0.0448426483781077,0.04454118445492349
0.044837452995125204,0.044536232266109435
0.044832266052253544,0.04453128934139386
0.044827089353930205,0.044526355263544246
0.04482192266732454,0.04452143014478497
0.044816764479037374,0.04451651181583293
0.044811615836806595,0.044511601614998654
0.04480647656600922,0.04450670047686435
0.04480134684126824,0.04450180677347817
0.044796227593906224,0.04449692237889394
0.04479111760156229,0.044492047116858884
0.04478601709706709,0.04448718014243059
0.04478092567296699,0.044482322342460974
0.04477584460983053,0.044477471706224604
0.04477077204501256,0.04447262850753032
0.044765709375496954,0.044467793266056106
0.044760655786376446,0.044462967327563094
0.044755611394066364,0.04445814890880138
0.04475057718809694,0.04445333873713389
0.0447455508983694,0.04444853849173523
0.044740534212905914,0.04444374597771093
0.04473552689887583,0.04443896136921831
0.04473052825778723,0.04443418494053185
0.04472553782397881,0.04442941720387898
0.04472055606311187,0.04442465740768239
0.044715582800563425,0.04441990803857334
0.04471061908407137,0.0444151682308875
0.04470566438976675,0.04441043710662052
0.044700717262458056,0.04440571510605514
0.04469577921554446,0.0444010029474739
0.04469085001619533,0.044396298530278724
0.04468592954799533,0.044391603645868596
0.044681018858682364,0.04438691696408205
0.04467611649306491,0.04438223889423534
0.044671222916804254,0.044377567768329754
0.044666339294053614,0.044372906246688215
0.04466146545019001,0.04436825367459096
0.044656599580775946,0.044363610472297296
0.044651743257418275,0.044358974639559165
0.04464689362794161,0.04435434604762122
0.044642053137067705,0.044349725716514514
0.044637220504228026,0.04434511191654019
0.04463239695178345,0.04434050557669252
0.044627582479733974,0.04433590651396662
0.044622776738833636,0.04433131463290192
0.04461797804106027,0.04432673115376383
0.044613188540097326,0.044322155602509156
0.0446084076538682,0.04431758738006465
0.04460363416001201,0.04431302752206102
0.04459887009579688,0.044308475739788265
0.04459411452990025,0.04430393134546466
0.044589366822037846,0.044299394436413425
0.04458462866023183,0.044294865550706164
0.04457989847287536,0.044290346622467044
0.0445751769002527,0.04428583455109038
0.04457046207971871,0.0442813302683644
0.04456575686344877,0.04427683360083029
0.04456106014549732,0.04427234484627843
0.044556371110957116,0.044267863953486086
0.04455169121501967,0.04426339036016725
0.04454701888607815,0.04425892486609519
0.04454235447337851,0.04425446815858595
0.044537697336636484,0.04425001862691715
0.044533048174344,0.04424557599169202
0.04452840861631557,0.04424113888689317
0.04452377645066008,0.04423671196517535
0.04451915336539969,0.04423229206679389
0.044514539011288434,0.044227878626901654
0.0445099325152114,0.04422347169998102
0.04450533434282988,0.04421907187695615
0.0445007449015975,0.0442146798199974
0.04449616331839934,0.04421029459685087
0.044491589651443064,0.044205918069463224
0.04448702355148271,0.04420154764712788
0.044482466008048505,0.04419718573451974
0.044477915100287646,0.044192829865729436
0.044473372225183994,0.04418848102609627
0.04446883650962263,0.04418414104403928
0.04446431028191,0.04417980719381012
0.04445979103911668,0.04417547966982238
0.0444552794797346,0.04417115832539275
0.04445077624404803,0.044166845923289656
0.04444628191413358,0.04416253997804597
0.04444179526763037,0.04415824119001627
0.044437316595576704,0.044153950605774296
0.0444328467710875,0.04414966663438827
0.04442838381510228,0.04414539058576338
0.044423928717151284,0.04414112127060071
0.0444194819428958,0.04413686096179299
0.04441504261922091,0.04413260642020032
0.04441060946555808,0.044128359728259965
0.044406184926629066,0.0441241212382447
0.04440176754724234,0.04411989054013975
0.044397358025889844,0.04411567005864345
0.044392955023795366,0.04411145730619319
0.044388560054358095,0.04410725233424455
0.044384173525031656,0.04410305361659266
0.044379793165717274,0.04409886169224046
0.044375420722644776,0.044094675900880245
0.04437105520628393,0.04409049619594589
0.04436669690767303,0.04408632336067967
0.0443623453611508,0.044082158324774356
0.04435800376813859,0.04407800065609627
0.04435366834513843,0.04407384915021248
0.044349340721964836,0.044069703813176604
0.04434501996729523,0.04406556565547362
0.04434070741990581,0.04406143429991789
0.044336401333566755,0.04405730961612426
0.04433210188290104,0.044053190556820485
0.04432780999923125,0.044049077951582145
0.04432352626463398,0.044044971572468054
0.04431924840901047,0.04404087142716162
0.04431497765472159,0.044036778945475814
0.04431071429280564,0.04403269399167038
0.04430645756656304,0.044028616516385226
0.044302208989392966,0.04402454564138315
0.04429796687327325,0.04402048023510724
0.044293732091318816,0.04401642107171938
0.04428950435249135,0.044012367404298855
0.04428528458811343,0.044008321236120536
0.0442810719832778,0.04400428126938641
0.04427686665439978,0.04400024954159744
0.04427266918355599,0.04399622575007379
0.044268478523008525,0.043992207352537664
0.04426429414888844,0.04398819559928961
0.04426011734176427,0.043984190054703505
0.04425594682106748,0.043980190623318774
0.04425178311066702,0.04397619733819738
0.04424762731650844,0.0439722090640571
0.04424347745953128,0.043968227630481124
0.044239334762096405,0.0439642532307189
0.04423519887495786,0.043960285398177805
0.04423106979811564,0.04395632342202589
0.04422694823006168,0.0439523679963313
0.04422283254098147,0.04394841901562176
0.04421872354578227,0.04394447494135238
0.044214621651917696,0.043940537514165046
0.044210526219103485,0.043936606478877364
0.044206437247339636,0.043932682808954265
0.04420235432917252,0.043928764893906194
0.0441982785705477,0.04392485200730152
0.04419420869089663,0.04392094448301941
0.044190144748426974,0.04391704349918291
0.04418608784908429,0.04391314873681404
0.04418203793466091,0.0439092594536487
0.044177995645441115,0.04390537598636001
0.04417396039934829,0.04390149796311744
0.04416993132326752,0.04389762540021911
0.04416591004701331,0.043893758840160446
0.044161895057186484,0.04388989930134267
0.04415788664482534,0.043886044882936404
0.044153883995022625,0.04388219680404291
0.04414988768985495,0.04387835516082123
0.04414589802036062,0.04387452104594559
0.044141914462670684,0.04387069290666841
0.04413793666753918,0.043866871557664125
0.044133964634966105,0.043863054875284434
0.04412999941268936,0.04385924384370446
0.0441260397201404,0.043855439541628585
0.04412208736175671,0.04385164131759666
0.04411814041668549,0.04384784939768724
0.04411420039832592,0.04384406421007588
0.04411026666639373,0.04384028691984713
0.04410633951192722,0.043836513630812986
0.04410241876030341,0.04383274618210271
0.044098502956330776,0.04382898417604156
0.04409459448652342,0.04382522736629471
0.04409069137182087,0.043821477239951494
0.04408679419429973,0.04381773182423785
0.04408290289575234,0.04381399146001786
0.04407901840750128,0.04381025635194965
0.044075139332562685,0.0438065266655758
0.04407126735895872,0.04380280221044086
0.04406740074045956,0.04379908270738088
0.04406354017555714,0.04379536820179783
0.04405968642095104,0.04379165876400657
0.044055838836357,0.043787955053150654
0.04405199782922864,0.04378425832814537
0.044048162759281695,0.043780565678840505
0.04404433409217745,0.04377688022213988
0.04404051217716187,0.04377319976058788
0.04403669509338215,0.04376952399802394
0.04403288511093706,0.04376585377077572
0.04402908164774999,0.04376218769722618
0.044025282317306846,0.04375852760649286
0.04402148991357535,0.043754873195663097
0.04401770170079544,0.043751224748790264
0.04401391971623525,0.043747582042124124
0.04401014355244115,0.043743945106863975
0.04400637262733653,0.04374031356256455
0.04400260641705245,0.04373668757150881
0.04399884695885703,0.04373306693229824
0.04399509250652045,0.043729452211176974
0.04399134562117979,0.043725842322455716
0.04398760374169797,0.043722237226786094
0.04398386843968183,0.04371863623592071
0.04398013808531687,0.043715041052084416
0.04397641436662525,0.04371145041985437
0.04397269518813118,0.043707865917822344
0.0439689825871028,0.043704286542488265
0.04396527638891712,0.043700713992584496
0.04396157542942092,0.04369714797381312
0.04395788011606783,0.04369358629290946
0.04395419073989615,0.04369002986024134
0.043950505438260734,0.043686477746116
0.04394682572456077,0.043682930056005716
0.0439431521226652,0.0436793848189991
0.04393948434153572,0.04367584488238208
0.04393582179909572,0.043672310020541776
0.04393216461176053,0.04366878102417104
0.04392851365264505,0.04366525700269267
0.043924867815803736,0.04366173783363774
0.043921228032559156,0.043658224129816514
0.043917593895457685,0.043654716063290834
0.043913963716477156,0.0436512132731732
0.043910339882131666,0.04364771473081783
0.04390672140289098,0.04364422141923569
0.04390310921007767,0.04364073345810175
0.043899501964915544,0.04363724976824596
0.043895900540519506,0.04363377175084315
0.04389230418018997,0.043630296924151483
0.04388871317496523,0.043626828206004574
0.04388512717559934,0.04362336385296658
0.04388154618209228,0.04361990642175079
0.04387797188246623,0.0436164544809144
0.04387440159916878,0.04361300618411042
0.043870837544091046,0.043609564249170944
0.043867277330718935,0.04360612629074603
0.043863722938112915,0.043602693665307016
0.04386017291108146,0.043599264981923624
0.043856628122739494,0.04359584098216146
0.04385308857308701,0.0435924217402935
0.04384955472778529,0.043589006200432774
0.04384602507343516,0.04358559559029527
0.043842500424943864,0.04358218852942809
0.04383898066589609,0.04357878842344508
0.04383546591270715,0.04357539333961904
0.04383195663103834,0.04357200405863114
0.04382845142390579,0.04356861953018233
0.04382495186291635,0.043565239411545914
0.04382145608542487,0.04356186389341019
0.04381796548841521,0.04355849443236366
0.04381448088679463,0.04355513160978444
0.043811000941786915,0.043551774124149234
0.04380752518773079,0.04354841925692744
0.043804055952932686,0.04354507035436109
0.043800590734463185,0.043541726789902896
0.043797130638267845,0.043538387233857063
0.043793675664346665,0.04353505247156136
0.04379022493958473,0.04353171919705346
0.04378677991917357,0.04352839034050703
0.043783338798675686,0.04352506637736224
0.04377990361535922,0.04352174709946848
0.04377647291403264,0.04351843256270513
0.043773048266302794,0.0435151234951336
0.04376962885726243,0.043511818901635704
0.043766213522758335,0.043508517783368006
0.04376280365977436,0.04350522223813459
0.04375939694000408,0.04350192921375856
0.0437559952843003,0.04349864080990665
0.043752597528509796,0.04349535724706948
0.043749205535277724,0.043492078312207014
0.04374581796582788,0.0434888039114885
0.0437424355186522,0.04348553560907021
0.04373905825195834,0.043482271510642025
0.04373568674782291,0.04347901142667979
0.043732320016715676,0.04347575783007778
0.04372895834967494,0.04347250978439115
0.04372560069896281,0.04346926535619423
0.04372224828694016,0.043466025033267214
0.04371890163747594,0.04346278912201524
0.04371555778197944,0.04345955778216012
0.043712219048757106,0.043456331331282856
0.04370888613630086,0.043453109892783684
0.04370555671630427,0.04344989270251244
0.043702233757358044,0.043446679511107505
0.04369891399983317,0.043443470334634186
0.04369559948099777,0.0434402645456139
0.04369228839641437,0.043437062818557026
0.04368898191023618,0.043433865868486465
0.04368568042991683,0.043430672781541946
0.04368238348979503,0.04342748439824209
0.0436790912062861,0.04342429991997778
0.04367580293910578,0.043421119577717035
0.04367251921212301,0.04341794338985346
0.043669239908922464,0.043414770810399204
0.043665965262334794,0.043411602813052015
0.04366269567981362,0.043408437720732766
0.04365942976437509,0.043405278801685196
0.04365616966970265,0.04340212474181317
0.04365291399881244,0.04339897500351071
0.043649662751704454,0.04339582963124849
0.04364641598658636,0.04339268744923174
0.043643173296004534,0.04338955047680065
0.04363993491278961,0.043386417830130086
0.04363670153543353,0.04338328979862854
0.04363347252365202,0.04338016762956977
0.04363024845952168,0.04337704987474717
0.043627028760965914,0.04337393633974716
0.04362381325336173,0.04337082458590157
0.04362060222774744,0.04336771715944633
0.04361739620799199,0.043364613376324995
0.04361419391352683,0.04336151232896373
0.0436109967995435,0.04335841553332284
0.04360780480783433,0.04335532145272009
0.04360461712349206,0.043352231784025204
0.043601433106232435,0.04334914733469486
0.043598253978416324,0.04334606758248992
0.043595079390797764,0.04334299112507142
0.043591909285169095,0.04333991938875988
0.04358874325407669,0.043336852534674106
0.04358558135572821,0.04333378956327215
0.04358242463786155,0.04333072999422438
0.043579270713962615,0.043327673502266406
0.04357612074818462,0.04332462055585347
0.043572974973358214,0.0433215723996982
0.04356983280740678,0.043318527310621
0.04356669547269121,0.0433154868138954
0.04356356244534254,0.04331244919868186
0.043560434656683356,0.04330941613973118
0.043557310360483825,0.043306386931799355
0.043554190604481846,0.04330336108570918
0.043551074573770165,0.04330033846525475
0.04354796279221773,0.04329732073866762
0.043544854619540274,0.043294305286603045
0.04354175046319142,0.043291293571237476
0.0435386496828869,0.04328828518022783
0.04353555425768718,0.04328528045210987
0.043532462790608406,0.04328227959154174
0.04352937499061227,0.04327928228117526
0.04352629109052941,0.04327628937107511
0.04352321202168241,0.04327330085169524
0.04352013592142612,0.043270317061338576
0.043517064477782696,0.04326733560976572
0.04351399728329852,0.04326435897615738
0.04351093340665102,0.043261386648053304
0.043507873895578086,0.04325841832184233
0.043504817760549486,0.04325545289274305
0.04350176535081118,0.04325249122222886
0.04349871730664745,0.04324953263043426
0.043495672347489744,0.04324657806288451
0.04349263239419088,0.043243626652285455
0.04348959610797465,0.043240678277332335
0.043486564012710005,0.04323773549939506
0.04348353610839695,0.043234796482836825
0.043480512278620154,0.04323186103487387
0.04347749223234132,0.043228928520577026
0.04347447614418343,0.043225999538553876
0.043471463955938816,0.04322307453118265
0.043468455492984504,0.043220152511959896
0.04346545092994347,0.04321723461477086
0.043462450499646366,0.04321431965683587
0.0434594537364319,0.04321140772313811
0.04345646098954603,0.043208499332191425
0.04345347173511982,0.043205594763392585
0.04345048626419157,0.04320269328658469
0.043447505217045546,0.043199796239845455
0.04344452702207491,0.04319690241385251
0.043441552377771586,0.04319401240511797
0.043438582331873477,0.04319112546439283
0.04343561560381204,0.04318824200471863
0.043432653532363474,0.043185361288953575
0.04342969408025965,0.043182484327815476
0.04342673870269209,0.043179610775550825
0.04342378710862249,0.04317674106126651
0.043420838890597224,0.04317387525038794
0.043417895620223135,0.04317101444513537
0.04341495514381677,0.04316815868602134
0.0434120183927007,0.04316530586290173
0.0434090860071592,0.0431624567292165
0.043406156823039055,0.04315961148263887
0.04340323113137856,0.043156768939690664
0.04340030939783901,0.04315393044985831
0.043397391273174435,0.04315109500614926
0.04339447716483846,0.043148262491915376
0.04339156637433916,0.04314543359167874
0.043388657621107996,0.04314260769984685
0.043385752593167126,0.043139785223407674
0.04338285146513954,0.043136966834543274
0.04337995295645669,0.04313415171508677
0.043377059511840343,0.04313133913394995
0.04337416932685301,0.04312852919683792
0.04337128234328702,0.04312572121131234
0.04336839873576537,0.04312291649519466
0.04336551995947957,0.04312011603382416
0.04336264374433085,0.04311731894686818
0.04335977282607928,0.04311452563549392
0.04335690481821075,0.04311173526174389
0.04335404117591679,0.043108948931097985
0.043351179629098624,0.04310616407543421
0.043348322389647365,0.0431033821858
0.04334546811878681,0.043100603122264144
0.04334261716576293,0.04309782869089395
0.04333977057831362,0.043095056807855144
0.04333692719228566,0.04309228898538277
0.04333408776437864,0.04308952427166514
0.04333125177072361,0.043086763052735476
0.0433284193277359,0.04308400430600159
0.04332558991154656,0.043081249056151134
0.04332276503555477,0.04307849610643461
0.043319942720700055,0.04307574606547132
0.04331712442217395,0.04307299911556765
0.0433143085683696,0.043070255127735435
0.04331149597419426,0.043067513732239604
0.043308685650117695,0.043064776401268316
0.04330588091397658,0.043062041390920056
0.043303077458404005,0.043059308730065825
0.04330027766991407,0.043056580151664095
0.043297480791807175,0.043053854543715714
0.04329468839569017,0.04305113117001019
0.04329189850250259,0.04304841156862676
0.04328911303309724,0.043045694903703406
0.04328633128898218,0.04304298087861389
0.04328355268808082,0.043040269762044774
0.04328077664831653,0.043037561047123744
0.04327800456667319,0.0430348543333821
0.04327523603569716,0.04303215009067208
0.04327247088076547,0.04302944986103103
0.04326970869442448,0.04302675416856073
0.04326694936025888,0.043024062188807874
0.043264193984214216,0.043021372908493505
0.04326144128572196,0.04301868645637296
0.0432586912647821,0.04301600158237852
0.043255944561678916,0.04301332109491341
0.04325320111820474,0.043010643598623576
0.04325046070152894,0.043007968566846105
0.043247724301181734,0.0430052972943522
0.04324499057838693,0.04300262869964354
0.04324225930031389,0.04299996363557875
0.04323953250423074,0.04299730142322369
0.04323680745437741,0.04299464208236896
0.04323408647906035,0.04299198508635163
0.04323136794846505,0.042989330648444596
0.0432286539580673,0.042986679949099195
0.043225942412391305,0.042984032780863345
0.04322323395172134,0.04298138766875491
0.0432205282850191,0.04297874522069469
0.04321782576153055,0.042976106132846324
0.043215125682763755,0.04297347051021643
0.043212429038248956,0.04297083709551953
0.04320973576977849,0.04296820693393238
0.04320704413112253,0.04296557901799679
0.04320435633417219,0.042962953435489906
0.043201670225244015,0.04296032994426787
0.043198986910283566,0.042957709374139084
0.04319630708778277,0.04295509028946981
0.043193631106987596,0.04295247297547758
0.043190957920160145,0.04294985875906423
0.04318828781833872,0.04294724672380835
0.04318562091793865,0.04294463853724301
0.043182956345845014,0.04294203269062564
0.04318029497517273,0.042939430789323524
0.04317763639846817,0.04293683101166971
0.04317498084856197,0.04293423457350582
0.043172328907530755,0.042931640246184545
0.04316967859631404,0.04292904934496619
0.043167031137272716,0.04292646228545345
0.04316438647219911,0.04292387822386809
0.0431617449503392,0.04292129772203043
0.043159106106031686,0.04291871891799383
0.04315647133626044,0.04291614296776242
0.04315383732318878,0.04291356902825646
0.04315120668616146,0.042910998748615384
0.04314857936697081,0.04290843046968803
0.04314595373580232,0.042905866819201034
0.04314333124784753,0.042903306279098614
0.043140711495652795,0.04290074747125618
0.043138094421010464,0.04289819290325977
0.04313548078062013,0.04289564039348625
0.04313286964315921,0.04289309055707417
0.043130261881742626,0.04289054345013574
0.04312765575014055,0.042888000244274735
0.04312505334382877,0.0428854598805774
0.043122454662807286,0.0428829226559028
0.04311985761160031,0.04288038812042214
0.04311726347077638,0.042877857086015866
0.043114671600051224,0.04287532814778387
0.043112083920277655,0.04287280143797398
0.043109498044941574,0.042870277849957346
0.04310691467253491,0.04286775592667982
0.043104334676172584,0.042865236544283106
0.043101757182739675,0.04286271978775039
0.043099182192236185,0.0428602049855981
0.04309660929720849,0.042857693133875725
0.043094039778225124,0.042855183626059445
0.043091472529340535,0.04285267684538849
0.043088907026685774,0.042850171837722884
0.0430863446672447,0.04284766956651583
0.043083785218186677,0.04284516973583959
0.04308122850488871,0.04284267303789966
0.04307867493480444,0.042840177729725835
0.043076123809441924,0.042837685561738906
0.04307357425568625,0.04283519576326944
0.04307102767052129,0.04283270825864747
0.04306848271517083,0.04283022286253981
0.043065941194072366,0.042827739543747155
0.04306340130278841,0.04282525736535899
0.043060864496510476,0.042822777548106386
0.043058330134954304,0.04282029949268326
0.04305579874198884,0.04281782364472747
0.04305327025940642,0.04281535033741966
0.04305074404692277,0.042812880041077736
0.043048221385106444,0.04281041167560033
0.04304570006206632,0.04280794549477287
0.04304318153299391,0.04280548007460311
0.043040665914304554,0.04280301814549602
0.04303815308958292,0.04280055855261162
0.043035642767790705,0.04279810075601563
0.04303313500713557,0.04279564620181918
0.043030629749409854,0.04279319377290085
0.043028128100559115,0.04279074281873181
0.04302562918746844,0.04278829477797262
0.04302313219523057,0.04278584889601916
0.043020637531299144,0.04278340447484515
0.04301814641803503,0.04278096261061728
0.04301565728383139,0.04277852270705625
0.04301317158387974,0.04277608576091006
0.04301068774657324,0.04277365072746761
0.04300820716889575,0.04277121788193472
0.043005729850847274,0.042768788865301756
0.04300325445365161,0.04276636344450526
0.04300078161759302,0.042763941277982664
0.042998312041163445,0.042761520891683176
0.04299584508407861,0.04275910294731147
0.042993379349354655,0.042756686615990476
0.04299091623397544,0.04275427381019108
0.04298845579614863,0.04275186397042125
0.04298599797766656,0.04274945698142983
0.04298354242928326,0.04274705151724629
0.042981089325621724,0.042744648599997166
0.04297863971441984,0.0427422482452821
0.04297619202407077,0.042739848682191224
0.04297374637098983,0.04273745086090639
0.04297130287159234,0.042735054184682666
0.04296886170050129,0.04273265940020792
0.04296642309054732,0.042730266544269396
0.04296398762380704,0.042727875069249424
0.04296155320480466,0.04272548507200554
0.042959121346939355,0.04272309776605107
0.04295669187558815,0.04272071135207079
0.042954265198204666,0.042718327541137115
0.04295184096554294,0.0427159452913329
0.04294941941043362,0.04271356571093202
0.04294699925230816,0.04271118848212063
0.042944581888150424,0.042708813295932485
0.04294216790003702,0.0427064405370038
0.04293975519249216,0.042704070076113564
0.04293734492966905,0.04270170158683322
0.04293493676232174,0.04269933621375822
0.04293253109790385,0.04269697289541364
0.042930128343869,0.042694612010614946
0.042927728791255504,0.042692254084628074
0.042925330926664174,0.04268989829299971
0.042922935681417584,0.04268754408042878
0.042920542939100415,0.042685191680677234
0.042918152117636055,0.04268284243089147
0.04291576362447813,0.042680494899395856
0.042913376819342375,0.04267814956745133
0.042910991702228785,0.042675806161016225
0.04290860897162929,0.04267346609197557
0.04290622897678986,0.04267112852749415
0.04290385119384155,0.042668793582357464
0.04290147515712306,0.042666460761567576
0.04289910272927955,0.04266413056175224
0.04289673233870417,0.04266180244460702
0.04289436375256628,0.042659477452980356
0.04289199900813401,0.04265715478803031
0.04288963531143963,0.04265483450354077
0.04288727551465854,0.04265251654642634
0.042884917405899614,0.04265020187827759
0.04288256145082414,0.04264788917824626
0.04288020759122446,0.04264557838509791
0.04287785629276186,0.04264326856145635
0.04287550685694441,0.0426409621485509
0.04287315980764106,0.042638657032046466
0.04287081479560584,0.04263635512418114
0.04286847164621577,0.042634054430294784
0.042866131116170436,0.04263175726658665
0.04286379273980856,0.042629461416276174
0.04286145605146885,0.04262716834526509
0.04285912262275815,0.04262487752386369
0.04285679035820067,0.04262258825148456
0.04285446013091132,0.04262029966618866
0.04285213095135987,0.04261801203945652
0.04284980520606041,0.042615726435091345
0.04284748126519844,0.04261344377440401
0.04284515971085057,0.0426111624611076
0.04284283961169422,0.042608883975073696
0.042840521316975355,0.04260660749813542
0.04283820540877059,0.04260433255787939
0.04283589142141864,0.04260206043580547
0.04283357987878844,0.042599789232714104
0.04283126990776509,0.042597520424285905
0.042828962847124785,0.04259525392460637
0.04282665782375261,0.04259299015626311
0.04282435495406389,0.042590727671980855
0.04282205377239734,0.04258846756652929
0.04281975544290617,0.042586209344211964
0.042817458568606526,0.042583952344022694
0.04281516425544396,0.042581697957590224
0.04281287093181163,0.04257944469130598
0.042810579761862755,0.042577194196172057
0.042808290978427976,0.04257494759070687
0.042806005163583905,0.0425727032313589
0.04280372109496966,0.04257046228530817
0.042801438830792904,0.042568223048234356
0.042799159011337906,0.04256598546984605
0.04279688181122765,0.042563749671680855
0.04279460560064763,0.04256151570635848
0.042792331718374044,0.04255928407912143
0.04279006086289883,0.04255705376737751
0.042787791055161506,0.04255482572549954
0.042785523110069335,0.042552598527865484
0.04278325731866062,0.042550373940262946
0.04278099356452003,0.04254815098037943
0.04277873307000846,0.04254592928034254
0.042776474088896066,0.0425437083800789
0.04277421603910625,0.04254148947400972
0.04277196020120755,0.04253927182662301
0.042769706866238266,0.04253705661697313
0.04276745527749881,0.04253484270395711
0.042765204911120236,0.042532631188631057
0.04276295774616301,0.04253042151266709
0.04276071197818965,0.04252821297873743
0.042758468131069094,0.04252600666251965
0.04275622626300901,0.042523801677860316
0.04275398619938642,0.04252159893093631
0.0427517484058626,0.04251939893886447
0.04274951247498393,0.042517199945636096
0.04274727765005082,0.042515001996420325
0.04274504666682333,0.0425128061817959
0.04274281649850309,0.042510611951118334
0.042740589124150574,0.042508419036632404
0.042738363321404904,0.04250622693938203
0.04273613984696567,0.04250403618393466
0.042733917594887316,0.04250184735120274
0.042731697496492416,0.042499660523608325
0.04272947960998863,0.04249747660662979
0.04272726358612999,0.04249529456719756
0.04272504977416247,0.04249311327748
0.04272283730097115,0.042490933630848306
0.04272062634117901,0.04248875664034858
0.04271841741865501,0.0424865815595258
0.042716209893114865,0.04248440707684495
0.04271400533616543,0.042482234567170964
0.042711801594123244,0.04248006548685953
0.04270960029680282,0.04247789700143039
0.0427074009203352,0.042475731646409255
0.0427052034647204,0.0424735683305189
0.04270300769712776,0.04247140587121248
0.04270081361755729,0.042469243760686365
0.04269862174987793,0.04246708184247836
0.04269643092993647,0.04246492183790542
0.04269424267113209,0.042462763210060074
0.04269205586751923,0.042460606201551856
0.04268987034447491,0.04245845098420978
0.042687687382567674,0.04245629644719884
0.04268550535198301,0.04245414395700209
0.04268332611536607,0.042451992994640024
0.04268114821752533,0.04244984311982989
0.04267897206591442,0.0424476953947451
0.042676797427702695,0.042445548851741476
0.04267462529242039,0.042443404749268665
0.04267245455412194,0.042441261582775044
0.042670286318752915,0.04243912012735382
0.042668119829613715,0.04243698054668493
0.04266595479566604,0.04243484305194579
0.0426637920900248,0.04243270671996288
0.04266163118882105,0.042430571592180055
0.04265947168460116,0.04242843907768838
0.04265731561463326,0.04242630745097995
0.04265515983570367,0.04242417838121764
0.04265300609404221,0.04242205106490292
0.04265085532097146,0.042419925491791216
0.04264870489714667,0.04241780162672512
0.04264655662700534,0.04241568020754494
0.042644410161301494,0.04241355944029056
0.04264226590748876,0.042411442215554415
0.042640122468583286,0.0424093262385577
0.042637981357984245,0.04240721106599085
0.042635842226445675,0.04240509728202596
0.0426337038516067,0.04240298364660702
0.04263156821252778,0.04240087181213312
0.042629433737602085,0.04239876251737587
0.042627301067113876,0.0423966561970301
0.042625170201063156,0.042394550360040736
0.04262304020812735,0.04239244549511932
0.042620913474820554,0.042390342936385425
0.042618787672836334,0.042388242968823764
0.042616664490196854,0.0423861446895171
0.04261454177321866,0.042384047585306686
0.04261242150096223,0.04238195173861459
0.042610302509274334,0.0423798579336144
0.04260818590410054,0.04237776614096947
0.04260607098694891,0.042375675501767546
0.04260395705932751,0.04237358675943687
0.042601844819728285,0.04237149948603473
0.04259973461739719,0.04236941309575923
0.04259762621950358,0.042367327727610246
0.04259551863651723,0.042365243157371876
0.04259341268334538,0.04236316049983725
0.042591308709234,0.04236107883998193
0.042589206248521805,0.04235899905883707
0.04258710518479347,0.04235692153987475
0.04258500598371029,0.04235484432033263
0.04258290660800412,0.0423527680085972
0.042580809618812054,0.04235069335042499
0.04257871332811192,0.04234862076491117
0.04257661948213354,0.04234655016474426
0.04257452633464709,0.04234448075783439
0.04257243650499731,0.04234241415350698
0.04257034615147859,0.04234034890192561
0.04256825806805864,0.04233828567829914
